TimeStamp;NodeID;NodeCount;Schema;SF;WorkerCount;Item name;CPU ns;USER ns;BLOCKED#;BLOCKED ns;WAITED#;WAITED ns;SUMM all times;Running %;Running total%;Comment
1734193985684;1;1;tpc-di;3000.0;11;ALL#SCHEDULERS;40525238000;18883400000;0;0;2761920;1806654000000;1847179238000;2.194;1176.326;
1734193985684;1;1;tpc-di;3000.0;11;ALL#pdgf.util.caching.experimental.BucketSortOutputFileWriterIMPL$HouseKeeper;3560543000;539491000;0;0;168156;13680000000;17240543000;20.652;104.264;
1734193985684;1;1;tpc-di;3000.0;11;ALL#worker#0;1562017000;1447573000;5;0;14264;1560000000;3122017000;50.032;46.302;
1734193985684;1;1;tpc-di;3000.0;11;ALL#worker#1;1396956000;1288701000;6;0;13709;1723000000;3119956000;44.775;41.515;
1734193985684;1;1;tpc-di;3000.0;11;ALL#worker#10;1338739000;1248544000;4;0;11599;1838000000;3176739000;42.142;39.827;
1734193985684;1;1;tpc-di;3000.0;11;ALL#worker#2;1308302000;1207379000;0;0;12797;1867000000;3175302000;41.202;38.944;
1734193985684;1;1;tpc-di;3000.0;11;ALL#worker#3;1352998000;1252003000;3;0;12195;1798000000;3150998000;42.939;40.24;
1734193985684;1;1;tpc-di;3000.0;11;ALL#worker#4;1368538000;1271060000;3;0;12445;1843000000;3211538000;42.613;40.691;
1734193985684;1;1;tpc-di;3000.0;11;ALL#worker#5;1352278000;1257567000;2;0;11977;1826000000;3178278000;42.548;40.219;
1734193985684;1;1;tpc-di;3000.0;11;ALL#worker#6;1414586000;1318131000;1;0;11921;1757000000;3171586000;44.602;42.026;
1734193985684;1;1;tpc-di;3000.0;11;ALL#worker#7;1381404000;1288307000;3;0;11554;1802000000;3183404000;43.394;41.064;
1734193985684;1;1;tpc-di;3000.0;11;ALL#worker#8;1386504000;1291538000;1;0;11638;1781000000;3167504000;43.773;41.212;
1734193985684;1;1;tpc-di;3000.0;11;ALL#worker#9;1305605000;1214892000;11;0;11279;1861000000;3166605000;41.23;38.866;
1734193985684;1;1;tpc-di;3000.0;11;All#PausedThread;302298000;110047000;1;0;18819;3116000000;3418298000;8.844;9.767;
1734193985684;1;1;tpc-di;3000.0;11;pdgf.core.dataGenerator.CDCUpdateProducer#ALL;69489000;43463000;0;0;1463;18000000;87489000;79.426;3.015;
1734193985684;1;1;tpc-di;3000.0;11;pdgf.core.dataGenerator.CDCUpdateProducer#BatchDate;449000;356000;0;0;10;0;449000;100.0;1.013;
1734193985684;1;1;tpc-di;3000.0;11;pdgf.core.dataGenerator.CDCUpdateProducer#Customer;170000;92000;0;0;0;0;170000;99.999;1.005;
1734193985684;1;1;tpc-di;3000.0;11;pdgf.core.dataGenerator.CDCUpdateProducer#DailyMarket;36098000;20135000;0;0;971;2000000;38098000;94.75;2.047;
1734193985684;1;1;tpc-di;3000.0;11;pdgf.core.dataGenerator.CDCUpdateProducer#WatchHistory;23481000;17451000;0;0;482;16000000;39481000;59.474;1.681;
1734193985684;1;1;tpc-di;3000.0;11;pdgf.core.dataGenerator.scheduler.DbDumpUpdateScheduler#Prospect;351000;179000;0;0;6;56000000;56351000;0.623;1.01;
1734193985684;1;1;tpc-di;3000.0;11;pdgf.core.dataGenerator.scheduler.DefaultScheduler#Date;78000;36000;0;0;0;0;78000;99.999;1.002;
1734193985684;1;1;tpc-di;3000.0;11;pdgf.core.dataGenerator.scheduler.DefaultScheduler#HR;103000;55000;0;0;0;0;103000;99.999;1.003;
1734193985684;1;1;tpc-di;3000.0;11;pdgf.core.dataGenerator.scheduler.DefaultScheduler#Industry;32000;10000;0;0;0;0;32000;99.997;1.001;
1734193985684;1;1;tpc-di;3000.0;11;pdgf.core.dataGenerator.scheduler.DefaultScheduler#StatusType;1459000;1151000;0;0;0;0;1459000;100.0;1.042;
1734193985684;1;1;tpc-di;3000.0;11;pdgf.core.dataGenerator.scheduler.DefaultScheduler#TaxRate;87000;36000;0;0;0;0;87000;99.999;1.003;
1734193985684;1;1;tpc-di;3000.0;11;pdgf.core.dataGenerator.scheduler.DefaultScheduler#Time;135000;91000;0;0;0;0;135000;99.999;1.004;
1734193985684;1;1;tpc-di;3000.0;11;pdgf.core.dataGenerator.scheduler.DefaultScheduler#TradeType;48000;8000;0;0;0;0;48000;99.998;1.001;
1734193985684;1;1;tpc-di;3000.0;11;pdgf.core.dataGenerator.scheduler.UpdateScheduler#Account;206000;91000;0;0;3;0;206000;100.0;1.006;
1734193985684;1;1;tpc-di;3000.0;11;pdgf.core.dataGenerator.scheduler.UpdateScheduler#BatchDate;405000;207000;0;0;6;1000000;1405000;28.826;1.012;
1734193985684;1;1;tpc-di;3000.0;11;pdgf.core.dataGenerator.scheduler.UpdateScheduler#Customer;188000;85000;0;0;3;1000000;1188000;15.825;1.005;
1734193985684;1;1;tpc-di;3000.0;11;pdgf.core.dataGenerator.scheduler.UpdateScheduler#DailyMarket;3737326000;1841609000;0;0;282134;223096000000;226833326000;1.648;109.391;
1734193985684;1;1;tpc-di;3000.0;11;pdgf.core.dataGenerator.scheduler.UpdateScheduler#FINWIRE;418439000;224732000;0;0;21204;25308000000;25726439000;1.626;13.136;
1734193985684;1;1;tpc-di;3000.0;11;pdgf.core.dataGenerator.scheduler.UpdateScheduler#TradeSource;35118501000;16230945000;0;0;2353320;1476452000000;1511570501000;2.323;1019.518;
1734193985684;1;1;tpc-di;3000.0;11;pdgf.core.dataGenerator.scheduler.UpdateScheduler#WatchHistory;1201658000;560524000;0;0;105122;81740000000;82941658000;1.449;35.851;
1734193985684;1;1;tpc-di;3000.0;11;pdgf.core.dataGenerator.worker.DbDumpRowWorker#worker#0;37475000;37045000;0;0;11;4000000;41475000;90.356;2.087;
1734193985684;1;1;tpc-di;3000.0;11;pdgf.core.dataGenerator.worker.DbDumpRowWorker#worker#1;34460000;33992000;0;0;8;9000000;43460000;79.291;1.999;
1734193985684;1;1;tpc-di;3000.0;11;pdgf.core.dataGenerator.worker.DbDumpRowWorker#worker#10;37239000;36871000;0;0;9;21000000;58239000;63.942;2.08;
1734193985684;1;1;tpc-di;3000.0;11;pdgf.core.dataGenerator.worker.DbDumpRowWorker#worker#2;49460000;48997000;0;0;10;37000000;86460000;57.206;2.434;
1734193985684;1;1;tpc-di;3000.0;11;pdgf.core.dataGenerator.worker.DbDumpRowWorker#worker#3;34125000;33693000;1;0;10;11000000;45125000;75.623;1.99;
1734193985684;1;1;tpc-di;3000.0;11;pdgf.core.dataGenerator.worker.DbDumpRowWorker#worker#4;42225000;41766000;1;0;11;10000000;52225000;80.852;2.225;
1734193985684;1;1;tpc-di;3000.0;11;pdgf.core.dataGenerator.worker.DbDumpRowWorker#worker#5;43893000;43494000;0;0;10;4000000;47893000;91.648;2.273;
1734193985684;1;1;tpc-di;3000.0;11;pdgf.core.dataGenerator.worker.DbDumpRowWorker#worker#6;46499000;45914000;0;0;8;8000000;54499000;85.321;2.349;
1734193985684;1;1;tpc-di;3000.0;11;pdgf.core.dataGenerator.worker.DbDumpRowWorker#worker#7;45905000;45470000;0;0;10;12000000;57905000;79.276;2.331;
1734193985684;1;1;tpc-di;3000.0;11;pdgf.core.dataGenerator.worker.DbDumpRowWorker#worker#8;44837000;44247000;0;0;9;11000000;55837000;80.3;2.3;
1734193985684;1;1;tpc-di;3000.0;11;pdgf.core.dataGenerator.worker.DbDumpRowWorker#worker#9;40485000;40011000;0;0;9;40000000;80485000;50.301;2.174;
1734193985684;1;1;tpc-di;3000.0;11;pdgf.core.dataGenerator.worker.RowWorker#worker#0;287962000;283321000;1;0;20;13000000;300962000;95.681;9.352;
1734193985684;1;1;tpc-di;3000.0;11;pdgf.core.dataGenerator.worker.RowWorker#worker#1;269938000;265771000;0;0;19;15000000;284938000;94.736;8.829;
1734193985684;1;1;tpc-di;3000.0;11;pdgf.core.dataGenerator.worker.RowWorker#worker#10;303115000;298543000;0;0;20;21000000;324115000;93.521;9.791;
1734193985684;1;1;tpc-di;3000.0;11;pdgf.core.dataGenerator.worker.RowWorker#worker#2;262635000;258649000;0;0;21;21000000;283635000;92.596;8.617;
1734193985684;1;1;tpc-di;3000.0;11;pdgf.core.dataGenerator.worker.RowWorker#worker#3;278010000;273301000;1;0;22;13000000;291010000;95.533;9.063;
1734193985684;1;1;tpc-di;3000.0;11;pdgf.core.dataGenerator.worker.RowWorker#worker#4;278542000;273989000;2;0;22;37000000;315542000;88.274;9.078;
1734193985684;1;1;tpc-di;3000.0;11;pdgf.core.dataGenerator.worker.RowWorker#worker#5;286155000;281449000;1;0;21;32000000;318155000;89.942;9.299;
1734193985684;1;1;tpc-di;3000.0;11;pdgf.core.dataGenerator.worker.RowWorker#worker#6;285034000;280828000;1;0;20;12000000;297034000;95.96;9.267;
1734193985684;1;1;tpc-di;3000.0;11;pdgf.core.dataGenerator.worker.RowWorker#worker#7;302469000;298012000;3;0;20;15000000;317469000;95.275;9.772;
1734193985684;1;1;tpc-di;3000.0;11;pdgf.core.dataGenerator.worker.RowWorker#worker#8;276248000;272011000;1;0;23;17000000;293248000;94.203;9.012;
1734193985684;1;1;tpc-di;3000.0;11;pdgf.core.dataGenerator.worker.RowWorker#worker#9;281891000;277793000;2;0;20;21000000;302891000;93.067;9.175;
1734193985684;1;1;tpc-di;3000.0;11;pdgf.core.dataGenerator.worker.UpdateRowWorker#worker#0;1188465000;1085029000;4;0;13049;1387000000;2575465000;46.146;35.468;
1734193985684;1;1;tpc-di;3000.0;11;pdgf.core.dataGenerator.worker.UpdateRowWorker#worker#1;1077422000;979400000;1;0;12476;1509000000;2586422000;41.657;32.248;
1734193985684;1;1;tpc-di;3000.0;11;pdgf.core.dataGenerator.worker.UpdateRowWorker#worker#10;987473000;906756000;4;0;10446;1643000000;2630473000;37.54;29.639;
1734193985684;1;1;tpc-di;3000.0;11;pdgf.core.dataGenerator.worker.UpdateRowWorker#worker#2;983153000;892130000;0;0;11578;1618000000;2601153000;37.797;29.514;
1734193985684;1;1;tpc-di;3000.0;11;pdgf.core.dataGenerator.worker.UpdateRowWorker#worker#3;1027265000;936879000;0;0;11017;1583000000;2610265000;39.355;30.793;
1734193985684;1;1;tpc-di;3000.0;11;pdgf.core.dataGenerator.worker.UpdateRowWorker#worker#4;1036537000;949581000;0;0;11250;1603000000;2639537000;39.27;31.062;
1734193985684;1;1;tpc-di;3000.0;11;pdgf.core.dataGenerator.worker.UpdateRowWorker#worker#5;1005849000;921744000;0;0;10802;1602000000;2607849000;38.57;30.172;
1734193985684;1;1;tpc-di;3000.0;11;pdgf.core.dataGenerator.worker.UpdateRowWorker#worker#6;1070971000;984627000;0;0;10734;1545000000;2615971000;40.94;32.061;
1734193985684;1;1;tpc-di;3000.0;11;pdgf.core.dataGenerator.worker.UpdateRowWorker#worker#7;1022381000;939254000;0;0;10377;1582000000;2604381000;39.256;30.651;
1734193985684;1;1;tpc-di;3000.0;11;pdgf.core.dataGenerator.worker.UpdateRowWorker#worker#8;1054917000;969572000;0;0;10444;1560000000;2614917000;40.342;31.595;
1734193985684;1;1;tpc-di;3000.0;11;pdgf.core.dataGenerator.worker.UpdateRowWorker#worker#9;971257000;889971000;9;0;10105;1616000000;2587257000;37.54;29.169;
1734193985684;1;1;tpc-di;3000.0;11;tpc.di.CustomerAccountBlackBox$CustomerAccountUpdateProducer#ALL;236000;147000;0;0;1;0;236000;100.0;1.007;
1734193985684;1;1;tpc-di;3000.0;11;tpc.di.CustomerAccountBlackBox$CustomerAccountUpdateProducer#Account;225000;139000;0;0;1;0;225000;100.0;1.007;
1734193985684;1;1;tpc-di;3000.0;11;tpc.di.MergeUpdateBlackBox$MergeUpdateProducer#FINWIRE;14285000;7797000;0;0;285;8000000;22285000;64.101;1.414;
1734193985684;1;1;tpc-di;3000.0;11;tpc.di.TradeSourceUpdateBlackBox$TradeSourceUpdateProducer#ALL;84916000;51235000;0;0;2390;3000000;87916000;96.588;3.463;
1734193985684;1;1;tpc-di;3000.0;11;tpc.di.TradeSourceUpdateBlackBox$TradeSourceUpdateProducer#TradeSource;76960000;47559000;0;0;2390;3000000;79960000;96.248;3.232;
1734193985684;1;1;tpc-di;3000.0;11;tpc.di.scheduler.CustomerMgmtScheduler#CustomerMgmt;25562000;12606000;0;0;122;0;25562000;100.0;1.741;
1734193985684;1;1;tpc-di;3000.0;11;tpc.di.scheduler.CustomerMgmtUpdateRowWorker#worker#0;47801000;41933000;0;0;1184;156000000;203801000;23.455;2.386;
1734193985684;1;1;tpc-di;3000.0;11;tpc.di.scheduler.CustomerMgmtUpdateRowWorker#worker#1;14996000;9447000;3;0;1206;190000000;204996000;7.315;1.435;
1734193985684;1;1;tpc-di;3000.0;11;tpc.di.scheduler.CustomerMgmtUpdateRowWorker#worker#10;10686000;6211000;0;0;1124;153000000;163686000;6.528;1.31;
1734193985684;1;1;tpc-di;3000.0;11;tpc.di.scheduler.CustomerMgmtUpdateRowWorker#worker#2;12910000;7519000;0;0;1188;191000000;203910000;6.331;1.374;
1734193985684;1;1;tpc-di;3000.0;11;tpc.di.scheduler.CustomerMgmtUpdateRowWorker#worker#3;13434000;8043000;0;0;1146;191000000;204434000;6.571;1.39;
1734193985684;1;1;tpc-di;3000.0;11;tpc.di.scheduler.CustomerMgmtUpdateRowWorker#worker#4;10961000;5588000;0;0;1162;193000000;203961000;5.374;1.318;
1734193985684;1;1;tpc-di;3000.0;11;tpc.di.scheduler.CustomerMgmtUpdateRowWorker#worker#5;16185000;10768000;0;0;1144;188000000;204185000;7.927;1.469;
1734193985684;1;1;tpc-di;3000.0;11;tpc.di.scheduler.CustomerMgmtUpdateRowWorker#worker#6;11798000;6599000;0;0;1159;192000000;203798000;5.789;1.342;
1734193985684;1;1;tpc-di;3000.0;11;tpc.di.scheduler.CustomerMgmtUpdateRowWorker#worker#7;10470000;5465000;0;0;1147;193000000;203470000;5.146;1.304;
1734193985684;1;1;tpc-di;3000.0;11;tpc.di.scheduler.CustomerMgmtUpdateRowWorker#worker#8;10314000;5593000;0;0;1162;193000000;203314000;5.073;1.299;
1734193985684;1;1;tpc-di;3000.0;11;tpc.di.scheduler.CustomerMgmtUpdateRowWorker#worker#9;11711000;6970000;0;0;1145;184000000;195711000;5.984;1.34;
1734564224224;1;1;tpc-di;5000.0;11;ALL#SCHEDULERS;41845733000;19760582000;0;0;2699554;2024321000000;2066166733000;2.025;973.478;
1734564224224;1;1;tpc-di;5000.0;11;ALL#pdgf.util.caching.experimental.BucketSortOutputFileWriterIMPL$HouseKeeper;2978004000;531505000;0;0;186596;16859000000;19837004000;15.012;70.208;
1734564224224;1;1;tpc-di;5000.0;11;ALL#worker#0;2186310000;2077772000;30;0;13412;1632000000;3818310000;57.259;51.809;
1734564224224;1;1;tpc-di;5000.0;11;ALL#worker#1;2022130000;1914519000;1;0;13054;1839000000;3861130000;52.371;47.993;
1734564224224;1;1;tpc-di;5000.0;11;ALL#worker#10;2019985000;1933921000;6;0;10715;1907000000;3926985000;51.439;47.944;
1734564224224;1;1;tpc-di;5000.0;11;ALL#worker#2;2065006000;1956826000;3;0;12395;1889000000;3954006000;52.226;48.99;
1734564224224;1;1;tpc-di;5000.0;11;ALL#worker#3;2010407000;1898281000;2;0;11473;1842000000;3852407000;52.186;47.721;
1734564224224;1;1;tpc-di;5000.0;11;ALL#worker#4;2025469000;1918153000;5;0;11478;1880000000;3905469000;51.862;48.071;
1734564224224;1;1;tpc-di;5000.0;11;ALL#worker#5;2014602000;1908343000;7;0;11282;1860000000;3874602000;51.995;47.819;
1734564224224;1;1;tpc-di;5000.0;11;ALL#worker#6;1974833000;1874133000;4;0;11155;1890000000;3864833000;51.097;46.894;
1734564224224;1;1;tpc-di;5000.0;11;ALL#worker#7;1980553000;1883205000;4;0;10797;1917000000;3897553000;50.815;47.027;
1734564224224;1;1;tpc-di;5000.0;11;ALL#worker#8;2004113000;1908760000;5;0;10751;1923000000;3927113000;51.033;47.575;
1734564224224;1;1;tpc-di;5000.0;11;ALL#worker#9;1996623000;1906449000;2;0;10694;1903000000;3899623000;51.2;47.401;
1734564224224;1;1;tpc-di;5000.0;11;All#PausedThread;298185000;112485000;0;0;16279;3944000000;4242185000;7.029;7.93;
1734564224224;1;1;tpc-di;5000.0;11;pdgf.core.dataGenerator.CDCUpdateProducer#ALL;101011000;73277000;0;0;1245;23000000;124011000;81.453;3.347;
1734564224224;1;1;tpc-di;5000.0;11;pdgf.core.dataGenerator.CDCUpdateProducer#BatchDate;496000;371000;0;0;5;0;496000;100.0;1.012;
1734564224224;1;1;tpc-di;5000.0;11;pdgf.core.dataGenerator.CDCUpdateProducer#Customer;197000;95000;0;0;2;0;197000;99.999;1.005;
1734564224224;1;1;tpc-di;5000.0;11;pdgf.core.dataGenerator.CDCUpdateProducer#DailyMarket;48858000;32633000;0;0;893;23000000;71858000;67.992;2.135;
1734564224224;1;1;tpc-di;5000.0;11;pdgf.core.dataGenerator.CDCUpdateProducer#WatchHistory;39276000;32415000;0;0;345;0;39276000;100.0;1.913;
1734564224224;1;1;tpc-di;5000.0;11;pdgf.core.dataGenerator.scheduler.DbDumpUpdateScheduler#Prospect;436000;246000;0;0;6;73000000;73436000;0.594;1.01;
1734564224224;1;1;tpc-di;5000.0;11;pdgf.core.dataGenerator.scheduler.DefaultScheduler#Date;98000;49000;0;0;0;0;98000;99.999;1.002;
1734564224224;1;1;tpc-di;5000.0;11;pdgf.core.dataGenerator.scheduler.DefaultScheduler#HR;62000;34000;0;0;0;0;62000;99.998;1.001;
1734564224224;1;1;tpc-di;5000.0;11;pdgf.core.dataGenerator.scheduler.DefaultScheduler#Industry;28000;8000;0;0;0;0;28000;99.996;1.001;
1734564224224;1;1;tpc-di;5000.0;11;pdgf.core.dataGenerator.scheduler.DefaultScheduler#StatusType;806000;796000;0;0;0;0;806000;100.0;1.019;
1734564224224;1;1;tpc-di;5000.0;11;pdgf.core.dataGenerator.scheduler.DefaultScheduler#TaxRate;68000;28000;0;0;0;0;68000;99.999;1.002;
1734564224224;1;1;tpc-di;5000.0;11;pdgf.core.dataGenerator.scheduler.DefaultScheduler#Time;102000;59000;0;0;0;0;102000;99.999;1.002;
1734564224224;1;1;tpc-di;5000.0;11;pdgf.core.dataGenerator.scheduler.DefaultScheduler#TradeType;26000;8000;0;0;0;0;26000;99.996;1.001;
1734564224224;1;1;tpc-di;5000.0;11;pdgf.core.dataGenerator.scheduler.UpdateScheduler#Account;96000;37000;0;0;3;0;96000;99.999;1.002;
1734564224224;1;1;tpc-di;5000.0;11;pdgf.core.dataGenerator.scheduler.UpdateScheduler#BatchDate;391000;217000;0;0;6;1000000;1391000;28.109;1.009;
1734564224224;1;1;tpc-di;5000.0;11;pdgf.core.dataGenerator.scheduler.UpdateScheduler#Customer;137000;60000;0;0;3;1000000;1137000;12.049;1.003;
1734564224224;1;1;tpc-di;5000.0;11;pdgf.core.dataGenerator.scheduler.UpdateScheduler#DailyMarket;4346700000;2325040000;0;0;280167;330305000000;334651700000;1.299;102.016;
1734564224224;1;1;tpc-di;5000.0;11;pdgf.core.dataGenerator.scheduler.UpdateScheduler#FINWIRE;404972000;202610000;0;0;21570;37976000000;38380972000;1.055;10.411;
1734564224224;1;1;tpc-di;5000.0;11;pdgf.core.dataGenerator.scheduler.UpdateScheduler#TradeSource;35851798000;16627863000;0;0;2299169;1564861000000;1600712798000;2.24;834.181;
1734564224224;1;1;tpc-di;5000.0;11;pdgf.core.dataGenerator.scheduler.UpdateScheduler#WatchHistory;1195324000;579339000;0;0;98497;91104000000;92299324000;1.295;28.779;
1734564224224;1;1;tpc-di;5000.0;11;pdgf.core.dataGenerator.worker.DbDumpRowWorker#worker#0;92538000;91769000;0;0;14;6000000;98538000;93.911;3.151;
1734564224224;1;1;tpc-di;5000.0;11;pdgf.core.dataGenerator.worker.DbDumpRowWorker#worker#1;95679000;94929000;0;0;12;6000000;101679000;94.099;3.224;
1734564224224;1;1;tpc-di;5000.0;11;pdgf.core.dataGenerator.worker.DbDumpRowWorker#worker#10;95462000;94875000;0;0;10;9000000;104462000;91.384;3.218;
1734564224224;1;1;tpc-di;5000.0;11;pdgf.core.dataGenerator.worker.DbDumpRowWorker#worker#2;104603000;103859000;0;0;13;5000000;109603000;95.438;3.431;
1734564224224;1;1;tpc-di;5000.0;11;pdgf.core.dataGenerator.worker.DbDumpRowWorker#worker#3;90896000;90175000;0;0;14;9000000;99896000;90.991;3.112;
1734564224224;1;1;tpc-di;5000.0;11;pdgf.core.dataGenerator.worker.DbDumpRowWorker#worker#4;107117000;106375000;1;0;12;5000000;112117000;95.54;3.489;
1734564224224;1;1;tpc-di;5000.0;11;pdgf.core.dataGenerator.worker.DbDumpRowWorker#worker#5;86938000;86416000;0;0;12;4000000;90938000;95.601;3.02;
1734564224224;1;1;tpc-di;5000.0;11;pdgf.core.dataGenerator.worker.DbDumpRowWorker#worker#6;82932000;82238000;0;0;13;8000000;90932000;91.202;2.927;
1734564224224;1;1;tpc-di;5000.0;11;pdgf.core.dataGenerator.worker.DbDumpRowWorker#worker#7;88815000;88035000;0;0;14;15000000;103815000;85.551;3.064;
1734564224224;1;1;tpc-di;5000.0;11;pdgf.core.dataGenerator.worker.DbDumpRowWorker#worker#8;88539000;87833000;0;0;14;11000000;99539000;88.949;3.058;
1734564224224;1;1;tpc-di;5000.0;11;pdgf.core.dataGenerator.worker.DbDumpRowWorker#worker#9;91284000;90618000;0;0;14;9000000;100284000;91.025;3.121;
1734564224224;1;1;tpc-di;5000.0;11;pdgf.core.dataGenerator.worker.RowWorker#worker#0;312285000;308317000;0;0;17;9000000;321285000;97.199;8.257;
1734564224224;1;1;tpc-di;5000.0;11;pdgf.core.dataGenerator.worker.RowWorker#worker#1;301127000;297077000;0;0;18;19000000;320127000;94.065;7.998;
1734564224224;1;1;tpc-di;5000.0;11;pdgf.core.dataGenerator.worker.RowWorker#worker#10;303101000;298912000;2;0;16;21000000;324101000;93.521;8.044;
1734564224224;1;1;tpc-di;5000.0;11;pdgf.core.dataGenerator.worker.RowWorker#worker#2;314461000;310340000;1;0;18;15000000;329461000;95.447;8.308;
1734564224224;1;1;tpc-di;5000.0;11;pdgf.core.dataGenerator.worker.RowWorker#worker#3;302767000;298739000;1;0;20;16000000;318767000;94.981;8.036;
1734564224224;1;1;tpc-di;5000.0;11;pdgf.core.dataGenerator.worker.RowWorker#worker#4;326015000;321844000;1;0;17;11000000;337015000;96.736;8.576;
1734564224224;1;1;tpc-di;5000.0;11;pdgf.core.dataGenerator.worker.RowWorker#worker#5;297072000;293007000;2;0;18;21000000;318072000;93.398;7.904;
1734564224224;1;1;tpc-di;5000.0;11;pdgf.core.dataGenerator.worker.RowWorker#worker#6;301000000;297098000;1;0;19;15000000;316000000;95.253;7.995;
1734564224224;1;1;tpc-di;5000.0;11;pdgf.core.dataGenerator.worker.RowWorker#worker#7;310131000;306355000;1;0;20;27000000;337131000;91.991;8.207;
1734564224224;1;1;tpc-di;5000.0;11;pdgf.core.dataGenerator.worker.RowWorker#worker#8;316847000;312654000;1;0;18;26000000;342847000;92.416;8.363;
1734564224224;1;1;tpc-di;5000.0;11;pdgf.core.dataGenerator.worker.RowWorker#worker#9;323101000;319282000;1;0;19;16000000;339101000;95.282;8.509;
1734564224224;1;1;tpc-di;5000.0;11;pdgf.core.dataGenerator.worker.UpdateRowWorker#worker#0;1732917000;1634840000;7;0;12213;1474000000;3206917000;54.037;41.272;
1734564224224;1;1;tpc-di;5000.0;11;pdgf.core.dataGenerator.worker.UpdateRowWorker#worker#1;1599593000;1502216000;0;0;11797;1592000000;3191593000;50.119;38.174;
1734564224224;1;1;tpc-di;5000.0;11;pdgf.core.dataGenerator.worker.UpdateRowWorker#worker#10;1607879000;1530898000;0;0;9577;1645000000;3252879000;49.429;38.366;
1734564224224;1;1;tpc-di;5000.0;11;pdgf.core.dataGenerator.worker.UpdateRowWorker#worker#2;1627898000;1529864000;1;0;11167;1640000000;3267898000;49.815;38.832;
1734564224224;1;1;tpc-di;5000.0;11;pdgf.core.dataGenerator.worker.UpdateRowWorker#worker#3;1604432000;1502278000;0;0;10248;1582000000;3186432000;50.352;38.286;
1734564224224;1;1;tpc-di;5000.0;11;pdgf.core.dataGenerator.worker.UpdateRowWorker#worker#4;1578044000;1480899000;2;0;10279;1631000000;3209044000;49.175;37.673;
1734564224224;1;1;tpc-di;5000.0;11;pdgf.core.dataGenerator.worker.UpdateRowWorker#worker#5;1617236000;1520709000;4;0;10088;1601000000;3218236000;50.252;38.584;
1734564224224;1;1;tpc-di;5000.0;11;pdgf.core.dataGenerator.worker.UpdateRowWorker#worker#6;1574340000;1483090000;2;0;9980;1636000000;3210340000;49.04;37.587;
1734564224224;1;1;tpc-di;5000.0;11;pdgf.core.dataGenerator.worker.UpdateRowWorker#worker#7;1567806000;1479725000;1;0;9626;1642000000;3209806000;48.844;37.435;
1734564224224;1;1;tpc-di;5000.0;11;pdgf.core.dataGenerator.worker.UpdateRowWorker#worker#8;1582953000;1496876000;2;0;9611;1655000000;3237953000;48.887;37.787;
1734564224224;1;1;tpc-di;5000.0;11;pdgf.core.dataGenerator.worker.UpdateRowWorker#worker#9;1569946000;1488844000;0;0;9536;1643000000;3212946000;48.863;37.485;
1734564224224;1;1;tpc-di;5000.0;11;tpc.di.CustomerAccountBlackBox$CustomerAccountUpdateProducer#ALL;307000;198000;0;0;7;0;307000;100.0;1.007;
1734564224224;1;1;tpc-di;5000.0;11;tpc.di.CustomerAccountBlackBox$CustomerAccountUpdateProducer#Account;297000;190000;0;0;7;0;297000;100.0;1.007;
1734564224224;1;1;tpc-di;5000.0;11;tpc.di.MergeUpdateBlackBox$MergeUpdateProducer#FINWIRE;19211000;12088000;0;0;262;13000000;32211000;59.641;1.446;
1734564224224;1;1;tpc-di;5000.0;11;tpc.di.TradeSourceUpdateBlackBox$TradeSourceUpdateProducer#ALL;96698000;61350000;0;0;2280;16000000;112698000;85.803;3.247;
1734564224224;1;1;tpc-di;5000.0;11;tpc.di.TradeSourceUpdateBlackBox$TradeSourceUpdateProducer#TradeSource;87233000;56979000;0;0;2280;16000000;103233000;84.501;3.027;
1734564224224;1;1;tpc-di;5000.0;11;tpc.di.scheduler.CustomerMgmtScheduler#CustomerMgmt;22507000;12204000;0;0;133;0;22507000;100.0;1.523;
1734564224224;1;1;tpc-di;5000.0;11;tpc.di.scheduler.CustomerMgmtUpdateRowWorker#worker#0;48279000;42588000;22;0;1168;143000000;191279000;25.24;2.122;
1734564224224;1;1;tpc-di;5000.0;11;tpc.di.scheduler.CustomerMgmtUpdateRowWorker#worker#1;25507000;20155000;0;0;1227;222000000;247507000;10.306;1.593;
1734564224224;1;1;tpc-di;5000.0;11;tpc.di.scheduler.CustomerMgmtUpdateRowWorker#worker#10;13290000;9063000;0;0;1112;232000000;245290000;5.418;1.309;
1734564224224;1;1;tpc-di;5000.0;11;tpc.di.scheduler.CustomerMgmtUpdateRowWorker#worker#2;17846000;12615000;0;0;1197;229000000;246846000;7.23;1.415;
1734564224224;1;1;tpc-di;5000.0;11;tpc.di.scheduler.CustomerMgmtUpdateRowWorker#worker#3;12100000;6956000;0;0;1191;235000000;247100000;4.897;1.281;
1734564224224;1;1;tpc-di;5000.0;11;tpc.di.scheduler.CustomerMgmtUpdateRowWorker#worker#4;14069000;8899000;0;0;1170;233000000;247069000;5.694;1.327;
1734564224224;1;1;tpc-di;5000.0;11;tpc.di.scheduler.CustomerMgmtUpdateRowWorker#worker#5;13121000;8063000;1;0;1164;234000000;247121000;5.31;1.305;
1734564224224;1;1;tpc-di;5000.0;11;tpc.di.scheduler.CustomerMgmtUpdateRowWorker#worker#6;16291000;11498000;0;0;1143;231000000;247291000;6.588;1.379;
1734564224224;1;1;tpc-di;5000.0;11;tpc.di.scheduler.CustomerMgmtUpdateRowWorker#worker#7;13624000;8985000;0;0;1137;233000000;246624000;5.524;1.317;
1734564224224;1;1;tpc-di;5000.0;11;tpc.di.scheduler.CustomerMgmtUpdateRowWorker#worker#8;15548000;11224000;0;0;1108;231000000;246548000;6.306;1.361;
1734564224224;1;1;tpc-di;5000.0;11;tpc.di.scheduler.CustomerMgmtUpdateRowWorker#worker#9;12003000;7492000;0;0;1125;235000000;247003000;4.859;1.279;
1734564322523;1;1;tpc-di;10000.0;11;ALL#SCHEDULERS;41559022000;19373029000;0;0;2560818;2951347000000;2992906022000;1.389;655.37;
1734564322523;1;1;tpc-di;10000.0;11;ALL#pdgf.util.caching.experimental.BucketSortOutputFileWriterIMPL$HouseKeeper;3230906000;580178000;0;0;224276;24888000000;28118906000;11.49;51.872;
1734564322523;1;1;tpc-di;10000.0;11;ALL#worker#0;3926909000;3804626000;1;0;12985;1781000000;5707909000;68.798;62.831;
1734564322523;1;1;tpc-di;10000.0;11;ALL#worker#1;3888031000;3763506000;3;0;12812;1878000000;5766031000;67.43;62.219;
1734564322523;1;1;tpc-di;10000.0;11;ALL#worker#10;3742513000;3637682000;5;0;10126;2049000000;5791513000;64.621;59.928;
1734564322523;1;1;tpc-di;10000.0;11;ALL#worker#2;3742606000;3615861000;3;0;12306;1998000000;5740606000;65.195;59.929;
1734564322523;1;1;tpc-di;10000.0;11;ALL#worker#3;3728330000;3604845000;4;0;11346;2017000000;5745330000;64.893;59.705;
1734564322523;1;1;tpc-di;10000.0;11;ALL#worker#4;3753911000;3635804000;1;0;11242;2040000000;5793911000;64.791;60.107;
1734564322523;1;1;tpc-di;10000.0;11;ALL#worker#5;3682120000;3567212000;5;0;11078;2027000000;5709120000;64.495;58.977;
1734564322523;1;1;tpc-di;10000.0;11;ALL#worker#6;3834888000;3720951000;6;0;11000;1933000000;5767888000;66.487;61.382;
1734564322523;1;1;tpc-di;10000.0;11;ALL#worker#7;3718645000;3602134000;22;1000000;10636;1980000000;5699645000;65.243;59.552;
1734564322523;1;1;tpc-di;10000.0;11;ALL#worker#8;3802840000;3689703000;1;0;10574;1967000000;5769840000;65.909;60.878;
1734564322523;1;1;tpc-di;10000.0;11;ALL#worker#9;3682323000;3571689000;4;0;10400;2092000000;5774323000;63.771;58.98;
1734564322523;1;1;tpc-di;10000.0;11;All#PausedThread;303232000;114661000;0;0;10395;6019000000;6322232000;4.796;5.775;
1734564322523;1;1;tpc-di;10000.0;11;pdgf.core.dataGenerator.CDCUpdateProducer#ALL;173758000;139195000;0;0;1271;92000000;265758000;65.382;3.736;
1734564322523;1;1;tpc-di;10000.0;11;pdgf.core.dataGenerator.CDCUpdateProducer#BatchDate;442000;349000;0;0;6;0;442000;100.0;1.007;
1734564322523;1;1;tpc-di;10000.0;11;pdgf.core.dataGenerator.CDCUpdateProducer#Customer;212000;116000;0;0;0;0;212000;100.0;1.003;
1734564322523;1;1;tpc-di;10000.0;11;pdgf.core.dataGenerator.CDCUpdateProducer#DailyMarket;84758000;68924000;0;0;827;74000000;158758000;53.388;2.335;
1734564322523;1;1;tpc-di;10000.0;11;pdgf.core.dataGenerator.CDCUpdateProducer#WatchHistory;66234000;56835000;0;0;438;18000000;84234000;78.631;2.043;
1734564322523;1;1;tpc-di;10000.0;11;pdgf.core.dataGenerator.scheduler.DbDumpUpdateScheduler#Prospect;452000;186000;0;0;6;111000000;111452000;0.406;1.007;
1734564322523;1;1;tpc-di;10000.0;11;pdgf.core.dataGenerator.scheduler.DefaultScheduler#Date;114000;52000;0;0;0;0;114000;99.999;1.002;
1734564322523;1;1;tpc-di;10000.0;11;pdgf.core.dataGenerator.scheduler.DefaultScheduler#HR;56000;30000;0;0;0;0;56000;99.998;1.001;
1734564322523;1;1;tpc-di;10000.0;11;pdgf.core.dataGenerator.scheduler.DefaultScheduler#Industry;27000;8000;0;0;0;0;27000;99.996;1.0;
1734564322523;1;1;tpc-di;10000.0;11;pdgf.core.dataGenerator.scheduler.DefaultScheduler#StatusType;900000;884000;0;0;0;0;900000;100.0;1.014;
1734564322523;1;1;tpc-di;10000.0;11;pdgf.core.dataGenerator.scheduler.DefaultScheduler#TaxRate;67000;30000;0;0;0;0;67000;99.999;1.001;
1734564322523;1;1;tpc-di;10000.0;11;pdgf.core.dataGenerator.scheduler.DefaultScheduler#Time;109000;71000;0;0;0;0;109000;99.999;1.002;
1734564322523;1;1;tpc-di;10000.0;11;pdgf.core.dataGenerator.scheduler.DefaultScheduler#TradeType;25000;8000;0;0;0;0;25000;99.996;1.0;
1734564322523;1;1;tpc-di;10000.0;11;pdgf.core.dataGenerator.scheduler.UpdateScheduler#Account;148000;75000;0;0;3;1000000;1148000;12.892;1.002;
1734564322523;1;1;tpc-di;10000.0;11;pdgf.core.dataGenerator.scheduler.UpdateScheduler#BatchDate;289000;175000;0;0;6;1000000;1289000;22.42;1.005;
1734564322523;1;1;tpc-di;10000.0;11;pdgf.core.dataGenerator.scheduler.UpdateScheduler#Customer;122000;56000;0;0;3;0;122000;99.999;1.002;
1734564322523;1;1;tpc-di;10000.0;11;pdgf.core.dataGenerator.scheduler.UpdateScheduler#DailyMarket;4246714000;2256900000;0;0;269745;629108000000;633354714000;0.671;67.867;
1734564322523;1;1;tpc-di;10000.0;11;pdgf.core.dataGenerator.scheduler.UpdateScheduler#FINWIRE;501670000;271160000;0;0;20853;44636000000;45137670000;1.111;8.899;
1734564322523;1;1;tpc-di;10000.0;11;pdgf.core.dataGenerator.scheduler.UpdateScheduler#TradeSource;35406385000;16131595000;0;0;2171534;2125181000000;2160587385000;1.639;558.493;
1734564322523;1;1;tpc-di;10000.0;11;pdgf.core.dataGenerator.scheduler.UpdateScheduler#WatchHistory;1352890000;684090000;0;0;98489;152309000000;153661890000;0.88;22.302;
1734564322523;1;1;tpc-di;10000.0;11;pdgf.core.dataGenerator.worker.DbDumpRowWorker#worker#0;114887000;113992000;0;0;19;24000000;138887000;82.72;2.809;
1734564322523;1;1;tpc-di;10000.0;11;pdgf.core.dataGenerator.worker.DbDumpRowWorker#worker#1;128438000;127357000;0;0;18;11000000;139438000;92.111;3.022;
1734564322523;1;1;tpc-di;10000.0;11;pdgf.core.dataGenerator.worker.DbDumpRowWorker#worker#10;110021000;109132000;0;0;19;21000000;131021000;83.972;2.732;
1734564322523;1;1;tpc-di;10000.0;11;pdgf.core.dataGenerator.worker.DbDumpRowWorker#worker#2;110283000;109430000;0;0;23;32000000;142283000;77.51;2.736;
1734564322523;1;1;tpc-di;10000.0;11;pdgf.core.dataGenerator.worker.DbDumpRowWorker#worker#3;112415000;111642000;0;0;19;17000000;129415000;86.864;2.77;
1734564322523;1;1;tpc-di;10000.0;11;pdgf.core.dataGenerator.worker.DbDumpRowWorker#worker#4;119075000;118218000;1;0;19;19000000;138075000;86.239;2.875;
1734564322523;1;1;tpc-di;10000.0;11;pdgf.core.dataGenerator.worker.DbDumpRowWorker#worker#5;119852000;119065000;1;0;20;16000000;135852000;88.222;2.887;
1734564322523;1;1;tpc-di;10000.0;11;pdgf.core.dataGenerator.worker.DbDumpRowWorker#worker#6;114060000;113136000;1;0;22;21000000;135060000;84.451;2.796;
1734564322523;1;1;tpc-di;10000.0;11;pdgf.core.dataGenerator.worker.DbDumpRowWorker#worker#7;106437000;105460000;1;0;20;18000000;124437000;85.535;2.676;
1734564322523;1;1;tpc-di;10000.0;11;pdgf.core.dataGenerator.worker.DbDumpRowWorker#worker#8;114264000;113318000;0;0;17;20000000;134264000;85.104;2.799;
1734564322523;1;1;tpc-di;10000.0;11;pdgf.core.dataGenerator.worker.DbDumpRowWorker#worker#9;122244000;121213000;0;0;19;22000000;144244000;84.748;2.925;
1734564322523;1;1;tpc-di;10000.0;11;pdgf.core.dataGenerator.worker.RowWorker#worker#0;304225000;300389000;0;0;20;14000000;318225000;95.601;5.79;
1734564322523;1;1;tpc-di;10000.0;11;pdgf.core.dataGenerator.worker.RowWorker#worker#1;294364000;290449000;1;0;21;29000000;323364000;91.032;5.635;
1734564322523;1;1;tpc-di;10000.0;11;pdgf.core.dataGenerator.worker.RowWorker#worker#10;290222000;286193000;2;0;17;43000000;333222000;87.096;5.57;
1734564322523;1;1;tpc-di;10000.0;11;pdgf.core.dataGenerator.worker.RowWorker#worker#2;295149000;291115000;2;0;21;16000000;311149000;94.858;5.647;
1734564322523;1;1;tpc-di;10000.0;11;pdgf.core.dataGenerator.worker.RowWorker#worker#3;317494000;313736000;1;0;19;14000000;331494000;95.777;5.999;
1734564322523;1;1;tpc-di;10000.0;11;pdgf.core.dataGenerator.worker.RowWorker#worker#4;304542000;300849000;0;0;21;22000000;326542000;93.263;5.795;
1734564322523;1;1;tpc-di;10000.0;11;pdgf.core.dataGenerator.worker.RowWorker#worker#5;292326000;288369000;1;0;19;27000000;319326000;91.545;5.603;
1734564322523;1;1;tpc-di;10000.0;11;pdgf.core.dataGenerator.worker.RowWorker#worker#6;324349000;320529000;2;0;20;12000000;336349000;96.432;6.107;
1734564322523;1;1;tpc-di;10000.0;11;pdgf.core.dataGenerator.worker.RowWorker#worker#7;301963000;298292000;2;0;20;25000000;326963000;92.354;5.755;
1734564322523;1;1;tpc-di;10000.0;11;pdgf.core.dataGenerator.worker.RowWorker#worker#8;282812000;279377000;1;0;18;26000000;308812000;91.581;5.453;
1734564322523;1;1;tpc-di;10000.0;11;pdgf.core.dataGenerator.worker.RowWorker#worker#9;307288000;303586000;1;0;19;26000000;333288000;92.199;5.838;
1734564322523;1;1;tpc-di;10000.0;11;pdgf.core.dataGenerator.worker.UpdateRowWorker#worker#0;3414266000;3303164000;0;0;11733;1493000000;4907266000;69.576;54.76;
1734564322523;1;1;tpc-di;10000.0;11;pdgf.core.dataGenerator.worker.UpdateRowWorker#worker#1;3432082000;3319213000;0;0;11466;1529000000;4961082000;69.18;55.04;
1734564322523;1;1;tpc-di;10000.0;11;pdgf.core.dataGenerator.worker.UpdateRowWorker#worker#10;3320837000;3225523000;2;0;8933;1660000000;4980837000;66.672;53.288;
1734564322523;1;1;tpc-di;10000.0;11;pdgf.core.dataGenerator.worker.UpdateRowWorker#worker#2;3319089000;3202961000;0;0;11004;1621000000;4940089000;67.187;53.261;
1734564322523;1;1;tpc-di;10000.0;11;pdgf.core.dataGenerator.worker.UpdateRowWorker#worker#3;3284134000;3170850000;2;0;10047;1653000000;4937134000;66.519;52.711;
1734564322523;1;1;tpc-di;10000.0;11;pdgf.core.dataGenerator.worker.UpdateRowWorker#worker#4;3311493000;3203475000;0;0;9977;1671000000;4982493000;66.463;53.141;
1734564322523;1;1;tpc-di;10000.0;11;pdgf.core.dataGenerator.worker.UpdateRowWorker#worker#5;3244979000;3140843000;1;0;9826;1694000000;4938979000;65.701;52.094;
1734564322523;1;1;tpc-di;10000.0;11;pdgf.core.dataGenerator.worker.UpdateRowWorker#worker#6;3369233000;3265419000;2;0;9732;1629000000;4998233000;67.408;54.05;
1734564322523;1;1;tpc-di;10000.0;11;pdgf.core.dataGenerator.worker.UpdateRowWorker#worker#7;3290490000;3183720000;16;1000000;9382;1610000000;4901490000;67.132;52.811;
1734564322523;1;1;tpc-di;10000.0;11;pdgf.core.dataGenerator.worker.UpdateRowWorker#worker#8;3380127000;3276578000;0;0;9327;1603000000;4983127000;67.831;54.222;
1734564322523;1;1;tpc-di;10000.0;11;pdgf.core.dataGenerator.worker.UpdateRowWorker#worker#9;3231660000;3130387000;1;0;9176;1719000000;4950660000;65.277;51.884;
1734564322523;1;1;tpc-di;10000.0;11;tpc.di.CustomerAccountBlackBox$CustomerAccountUpdateProducer#ALL;475000;350000;0;0;4;0;475000;100.0;1.007;
1734564322523;1;1;tpc-di;10000.0;11;tpc.di.CustomerAccountBlackBox$CustomerAccountUpdateProducer#Account;427000;319000;0;0;4;0;427000;100.0;1.007;
1734564322523;1;1;tpc-di;10000.0;11;tpc.di.MergeUpdateBlackBox$MergeUpdateProducer#FINWIRE;24623000;17199000;0;0;258;20000000;44623000;55.18;1.388;
1734564322523;1;1;tpc-di;10000.0;11;tpc.di.TradeSourceUpdateBlackBox$TradeSourceUpdateProducer#ALL;113416000;77454000;0;0;2027;25000000;138416000;81.939;2.786;
1734564322523;1;1;tpc-di;10000.0;11;tpc.di.TradeSourceUpdateBlackBox$TradeSourceUpdateProducer#TradeSource;102275000;72521000;0;0;2027;25000000;127275000;80.357;2.61;
1734564322523;1;1;tpc-di;10000.0;11;tpc.di.scheduler.CustomerMgmtScheduler#CustomerMgmt;25665000;15272000;0;0;179;0;25665000;100.0;1.404;
1734564322523;1;1;tpc-di;10000.0;11;tpc.di.scheduler.CustomerMgmtUpdateRowWorker#worker#0;93167000;86782000;0;0;1213;250000000;343167000;27.149;2.467;
1734564322523;1;1;tpc-di;10000.0;11;tpc.di.scheduler.CustomerMgmtUpdateRowWorker#worker#1;32676000;26114000;0;0;1307;309000000;341676000;9.563;1.515;
1734564322523;1;1;tpc-di;10000.0;11;tpc.di.scheduler.CustomerMgmtUpdateRowWorker#worker#10;21151000;16588000;1;0;1157;325000000;346151000;6.11;1.333;
1734564322523;1;1;tpc-di;10000.0;11;tpc.di.scheduler.CustomerMgmtUpdateRowWorker#worker#2;17896000;12231000;0;0;1258;329000000;346896000;5.159;1.282;
1734564322523;1;1;tpc-di;10000.0;11;tpc.di.scheduler.CustomerMgmtUpdateRowWorker#worker#3;13982000;8401000;0;0;1261;333000000;346982000;4.03;1.22;
1734564322523;1;1;tpc-di;10000.0;11;tpc.di.scheduler.CustomerMgmtUpdateRowWorker#worker#4;18670000;13172000;0;0;1225;328000000;346670000;5.386;1.294;
1734564322523;1;1;tpc-di;10000.0;11;tpc.di.scheduler.CustomerMgmtUpdateRowWorker#worker#5;24629000;18686000;0;0;1213;290000000;314629000;7.828;1.388;
1734564322523;1;1;tpc-di;10000.0;11;tpc.di.scheduler.CustomerMgmtUpdateRowWorker#worker#6;26901000;21624000;0;0;1226;271000000;297901000;9.03;1.424;
1734564322523;1;1;tpc-di;10000.0;11;tpc.di.scheduler.CustomerMgmtUpdateRowWorker#worker#7;19549000;14534000;3;0;1214;327000000;346549000;5.641;1.308;
1734564322523;1;1;tpc-di;10000.0;11;tpc.di.scheduler.CustomerMgmtUpdateRowWorker#worker#8;25460000;20319000;0;0;1212;318000000;343460000;7.413;1.401;
1734564322523;1;1;tpc-di;10000.0;11;tpc.di.scheduler.CustomerMgmtUpdateRowWorker#worker#9;20855000;16270000;1;0;1186;325000000;345855000;6.03;1.328;
1734564369721;1;1;tpc-di;20000.0;11;ALL#SCHEDULERS;47846103000;23259894000;0;0;2223258;4695732000000;4743578103000;1.009;473.461;
1734564369721;1;1;tpc-di;20000.0;11;ALL#pdgf.util.caching.experimental.BucketSortOutputFileWriterIMPL$HouseKeeper;4450322000;777318000;1;0;188516;37413000000;41863322000;10.631;44.945;
1734564369721;1;1;tpc-di;20000.0;11;ALL#worker#0;7273821000;7123935000;2;0;13499;1860000000;9133821000;79.636;72.826;
1734564369721;1;1;tpc-di;20000.0;11;ALL#worker#1;7248203000;7090883000;4;0;13345;1946000000;9194203000;78.834;72.573;
1734564369721;1;1;tpc-di;20000.0;11;ALL#worker#10;7162810000;7028744000;4;1000000;10489;2109000000;9272810000;77.245;71.73;
1734564369721;1;1;tpc-di;20000.0;11;ALL#worker#2;7161245000;7000882000;2;0;12876;2039000000;9200245000;77.838;71.714;
1734564369721;1;1;tpc-di;20000.0;11;ALL#worker#3;7125495000;6965481000;6;0;12123;2108000000;9233495000;77.17;71.361;
1734564369721;1;1;tpc-di;20000.0;11;ALL#worker#4;7016468000;6862127000;4;0;11652;2151000000;9167468000;76.537;70.285;
1734564369721;1;1;tpc-di;20000.0;11;ALL#worker#5;7079801000;6931082000;5;0;11209;2185000000;9264801000;76.416;70.91;
1734564369721;1;1;tpc-di;20000.0;11;ALL#worker#6;7265328000;7122080000;5;0;11197;2091000000;9356328000;77.651;72.742;
1734564369721;1;1;tpc-di;20000.0;11;ALL#worker#7;7240895000;7103814000;5;1000000;10905;2136000000;9377895000;77.212;72.501;
1734564369721;1;1;tpc-di;20000.0;11;ALL#worker#8;7101845000;6973720000;3;0;10745;2191000000;9292845000;76.423;71.128;
1734564369721;1;1;tpc-di;20000.0;11;ALL#worker#9;7107572000;6975819000;5;0;10634;2190000000;9297572000;76.445;71.184;
1734564369721;1;1;tpc-di;20000.0;11;All#PausedThread;343662000;128568000;0;0;12172;9757000000;10100662000;3.402;4.394;
1734564369721;1;1;tpc-di;20000.0;11;pdgf.core.dataGenerator.CDCUpdateProducer#ALL;297734000;262283000;0;0;1362;103000000;400734000;74.297;3.94;
1734564369721;1;1;tpc-di;20000.0;11;pdgf.core.dataGenerator.CDCUpdateProducer#BatchDate;476000;370000;0;0;6;0;476000;100.0;1.005;
1734564369721;1;1;tpc-di;20000.0;11;pdgf.core.dataGenerator.CDCUpdateProducer#Customer;226000;154000;0;0;2;0;226000;100.0;1.002;
1734564369721;1;1;tpc-di;20000.0;11;pdgf.core.dataGenerator.CDCUpdateProducer#DailyMarket;147852000;131186000;0;0;858;80000000;227852000;64.889;2.46;
1734564369721;1;1;tpc-di;20000.0;11;pdgf.core.dataGenerator.CDCUpdateProducer#WatchHistory;127212000;116675000;0;0;496;23000000;150212000;84.688;2.256;
1734564369721;1;1;tpc-di;20000.0;11;pdgf.core.dataGenerator.scheduler.DbDumpUpdateScheduler#Prospect;374000;200000;0;0;6;204000000;204374000;0.183;1.004;
1734564369721;1;1;tpc-di;20000.0;11;pdgf.core.dataGenerator.scheduler.DefaultScheduler#Date;101000;54000;0;0;0;0;101000;99.999;1.001;
1734564369721;1;1;tpc-di;20000.0;11;pdgf.core.dataGenerator.scheduler.DefaultScheduler#HR;93000;44000;0;0;0;0;93000;99.999;1.001;
1734564369721;1;1;tpc-di;20000.0;11;pdgf.core.dataGenerator.scheduler.DefaultScheduler#Industry;26000;8000;0;0;0;0;26000;99.996;1.0;
1734564369721;1;1;tpc-di;20000.0;11;pdgf.core.dataGenerator.scheduler.DefaultScheduler#StatusType;876000;862000;0;0;0;0;876000;100.0;1.009;
1734564369721;1;1;tpc-di;20000.0;11;pdgf.core.dataGenerator.scheduler.DefaultScheduler#TaxRate;61000;25000;0;0;0;0;61000;99.998;1.001;
1734564369721;1;1;tpc-di;20000.0;11;pdgf.core.dataGenerator.scheduler.DefaultScheduler#Time;133000;93000;0;0;0;0;133000;99.999;1.001;
1734564369721;1;1;tpc-di;20000.0;11;pdgf.core.dataGenerator.scheduler.DefaultScheduler#TradeType;29000;8000;0;0;0;0;29000;99.997;1.0;
1734564369721;1;1;tpc-di;20000.0;11;pdgf.core.dataGenerator.scheduler.UpdateScheduler#Account;310000;93000;0;0;3;1000000;1310000;23.664;1.003;
1734564369721;1;1;tpc-di;20000.0;11;pdgf.core.dataGenerator.scheduler.UpdateScheduler#BatchDate;447000;232000;0;0;6;1000000;1447000;30.891;1.004;
1734564369721;1;1;tpc-di;20000.0;11;pdgf.core.dataGenerator.scheduler.UpdateScheduler#Customer;173000;69000;0;0;3;1000000;1173000;14.748;1.002;
1734564369721;1;1;tpc-di;20000.0;11;pdgf.core.dataGenerator.scheduler.UpdateScheduler#DailyMarket;5041931000;2836335000;0;0;269745;1194002000000;1199043931000;0.42;50.787;
1734564369721;1;1;tpc-di;20000.0;11;pdgf.core.dataGenerator.scheduler.UpdateScheduler#FINWIRE;579066000;334868000;0;0;20706;72979000000;73558066000;0.787;6.718;
1734564369721;1;1;tpc-di;20000.0;11;pdgf.core.dataGenerator.scheduler.UpdateScheduler#TradeSource;40404469000;19091456000;0;0;1836195;3150780000000;3191184469000;1.266;399.978;
1734564369721;1;1;tpc-di;20000.0;11;pdgf.core.dataGenerator.scheduler.UpdateScheduler#WatchHistory;1754392000;958310000;0;0;96454;277764000000;279518392000;0.628;18.324;
1734564369721;1;1;tpc-di;20000.0;11;pdgf.core.dataGenerator.worker.DbDumpRowWorker#worker#0;185152000;183908000;0;0;26;10000000;195152000;94.876;2.828;
1734564369721;1;1;tpc-di;20000.0;11;pdgf.core.dataGenerator.worker.DbDumpRowWorker#worker#1;164790000;163781000;0;0;27;40000000;204790000;80.468;2.627;
1734564369721;1;1;tpc-di;20000.0;11;pdgf.core.dataGenerator.worker.DbDumpRowWorker#worker#10;191843000;190626000;0;0;25;12000000;203843000;94.113;2.894;
1734564369721;1;1;tpc-di;20000.0;11;pdgf.core.dataGenerator.worker.DbDumpRowWorker#worker#2;178288000;177108000;0;0;25;12000000;190288000;93.694;2.761;
1734564369721;1;1;tpc-di;20000.0;11;pdgf.core.dataGenerator.worker.DbDumpRowWorker#worker#3;187186000;185954000;0;0;25;13000000;200186000;93.506;2.848;
1734564369721;1;1;tpc-di;20000.0;11;pdgf.core.dataGenerator.worker.DbDumpRowWorker#worker#4;182924000;181828000;0;0;29;23000000;205924000;88.831;2.806;
1734564369721;1;1;tpc-di;20000.0;11;pdgf.core.dataGenerator.worker.DbDumpRowWorker#worker#5;185500000;184354000;0;0;29;14000000;199500000;92.982;2.832;
1734564369721;1;1;tpc-di;20000.0;11;pdgf.core.dataGenerator.worker.DbDumpRowWorker#worker#6;182326000;181095000;0;0;28;14000000;196326000;92.869;2.8;
1734564369721;1;1;tpc-di;20000.0;11;pdgf.core.dataGenerator.worker.DbDumpRowWorker#worker#7;188308000;187102000;1;1000000;28;14000000;203308000;92.622;2.859;
1734564369721;1;1;tpc-di;20000.0;11;pdgf.core.dataGenerator.worker.DbDumpRowWorker#worker#8;192057000;191009000;0;0;27;12000000;204057000;94.119;2.896;
1734564369721;1;1;tpc-di;20000.0;11;pdgf.core.dataGenerator.worker.DbDumpRowWorker#worker#9;164846000;163665000;1;0;28;42000000;206846000;79.695;2.628;
1734564369721;1;1;tpc-di;20000.0;11;pdgf.core.dataGenerator.worker.RowWorker#worker#0;233009000;228623000;0;0;31;33000000;266009000;87.594;3.301;
1734564369721;1;1;tpc-di;20000.0;11;pdgf.core.dataGenerator.worker.RowWorker#worker#1;304790000;300679000;1;0;29;17000000;321790000;94.717;4.01;
1734564369721;1;1;tpc-di;20000.0;11;pdgf.core.dataGenerator.worker.RowWorker#worker#10;299037000;294738000;0;0;30;20000000;319037000;93.731;3.953;
1734564369721;1;1;tpc-di;20000.0;11;pdgf.core.dataGenerator.worker.RowWorker#worker#2;304429000;300170000;1;0;29;16000000;320429000;95.007;4.006;
1734564369721;1;1;tpc-di;20000.0;11;pdgf.core.dataGenerator.worker.RowWorker#worker#3;305162000;300520000;1;0;29;14000000;319162000;95.614;4.013;
1734564369721;1;1;tpc-di;20000.0;11;pdgf.core.dataGenerator.worker.RowWorker#worker#4;290043000;286096000;2;0;32;19000000;309043000;93.852;3.864;
1734564369721;1;1;tpc-di;20000.0;11;pdgf.core.dataGenerator.worker.RowWorker#worker#5;321790000;317468000;3;0;31;17000000;338790000;94.982;4.178;
1734564369721;1;1;tpc-di;20000.0;11;pdgf.core.dataGenerator.worker.RowWorker#worker#6;311156000;306762000;2;0;35;21000000;332156000;93.678;4.073;
1734564369721;1;1;tpc-di;20000.0;11;pdgf.core.dataGenerator.worker.RowWorker#worker#7;310123000;305707000;3;0;27;13000000;323123000;95.977;4.062;
1734564369721;1;1;tpc-di;20000.0;11;pdgf.core.dataGenerator.worker.RowWorker#worker#8;326542000;322156000;2;0;27;18000000;344542000;94.776;4.224;
1734564369721;1;1;tpc-di;20000.0;11;pdgf.core.dataGenerator.worker.RowWorker#worker#9;309068000;304911000;2;0;29;19000000;328068000;94.209;4.052;
1734564369721;1;1;tpc-di;20000.0;11;pdgf.core.dataGenerator.worker.UpdateRowWorker#worker#0;6738721000;6601676000;1;0;12138;1593000000;8331721000;80.88;67.542;
1734564369721;1;1;tpc-di;20000.0;11;pdgf.core.dataGenerator.worker.UpdateRowWorker#worker#1;6695970000;6550774000;0;0;11969;1576000000;8271970000;80.948;67.12;
1734564369721;1;1;tpc-di;20000.0;11;pdgf.core.dataGenerator.worker.UpdateRowWorker#worker#10;6628507000;6505326000;1;1000000;9261;1751000000;8380507000;79.094;66.454;
1734564369721;1;1;tpc-di;20000.0;11;pdgf.core.dataGenerator.worker.UpdateRowWorker#worker#2;6624973000;6476577000;1;0;11537;1667000000;8291973000;79.896;66.419;
1734564369721;1;1;tpc-di;20000.0;11;pdgf.core.dataGenerator.worker.UpdateRowWorker#worker#3;6602355000;6454547000;4;0;10792;1713000000;8315355000;79.4;66.196;
1734564369721;1;1;tpc-di;20000.0;11;pdgf.core.dataGenerator.worker.UpdateRowWorker#worker#4;6509606000;6366721000;0;0;10325;1744000000;8253606000;78.87;65.28;
1734564369721;1;1;tpc-di;20000.0;11;pdgf.core.dataGenerator.worker.UpdateRowWorker#worker#5;6536384000;6399149000;0;0;9922;1791000000;8327384000;78.493;65.544;
1734564369721;1;1;tpc-di;20000.0;11;pdgf.core.dataGenerator.worker.UpdateRowWorker#worker#6;6733319000;6601818000;2;0;9905;1696000000;8429319000;79.88;67.489;
1734564369721;1;1;tpc-di;20000.0;11;pdgf.core.dataGenerator.worker.UpdateRowWorker#worker#7;6705709000;6580062000;0;0;9642;1751000000;8456709000;79.295;67.216;
1734564369721;1;1;tpc-di;20000.0;11;pdgf.core.dataGenerator.worker.UpdateRowWorker#worker#8;6551896000;6434855000;0;0;9461;1794000000;8345896000;78.504;65.697;
1734564369721;1;1;tpc-di;20000.0;11;pdgf.core.dataGenerator.worker.UpdateRowWorker#worker#9;6604685000;6483456000;1;0;9373;1760000000;8364685000;78.959;66.219;
1734564369721;1;1;tpc-di;20000.0;11;tpc.di.CustomerAccountBlackBox$CustomerAccountUpdateProducer#ALL;732000;585000;0;0;8;0;732000;100.0;1.007;
1734564369721;1;1;tpc-di;20000.0;11;tpc.di.CustomerAccountBlackBox$CustomerAccountUpdateProducer#Account;710000;571000;0;0;8;0;710000;100.0;1.007;
1734564369721;1;1;tpc-di;20000.0;11;tpc.di.MergeUpdateBlackBox$MergeUpdateProducer#FINWIRE;31972000;25544000;0;0;201;24000000;55972000;57.121;1.316;
1734564369721;1;1;tpc-di;20000.0;11;tpc.di.TradeSourceUpdateBlackBox$TradeSourceUpdateProducer#ALL;184467000;133925000;0;0;2075;67000000;251467000;73.356;2.822;
1734564369721;1;1;tpc-di;20000.0;11;tpc.di.TradeSourceUpdateBlackBox$TradeSourceUpdateProducer#TradeSource;157433000;122730000;0;0;2075;67000000;224433000;70.147;2.555;
1734564369721;1;1;tpc-di;20000.0;11;tpc.di.scheduler.CustomerMgmtScheduler#CustomerMgmt;32820000;21500000;0;0;140;0;32820000;100.0;1.324;
1734564369721;1;1;tpc-di;20000.0;11;tpc.di.scheduler.CustomerMgmtUpdateRowWorker#worker#0;116601000;109473000;0;0;1304;224000000;340601000;34.234;2.151;
1734564369721;1;1;tpc-di;20000.0;11;tpc.di.scheduler.CustomerMgmtUpdateRowWorker#worker#1;82441000;75497000;1;0;1320;313000000;395441000;20.848;1.814;
1734564369721;1;1;tpc-di;20000.0;11;tpc.di.scheduler.CustomerMgmtUpdateRowWorker#worker#10;43243000;37946000;1;0;1173;326000000;369243000;11.711;1.427;
1734564369721;1;1;tpc-di;20000.0;11;tpc.di.scheduler.CustomerMgmtUpdateRowWorker#worker#2;53410000;46926000;0;0;1285;344000000;397410000;13.44;1.527;
1734564369721;1;1;tpc-di;20000.0;11;tpc.di.scheduler.CustomerMgmtUpdateRowWorker#worker#3;30646000;24361000;1;0;1277;368000000;398646000;7.688;1.303;
1734564369721;1;1;tpc-di;20000.0;11;tpc.di.scheduler.CustomerMgmtUpdateRowWorker#worker#4;33577000;27290000;0;0;1266;365000000;398577000;8.424;1.332;
1734564369721;1;1;tpc-di;20000.0;11;tpc.di.scheduler.CustomerMgmtUpdateRowWorker#worker#5;35879000;29946000;0;0;1227;363000000;398879000;8.995;1.354;
1734564369721;1;1;tpc-di;20000.0;11;tpc.di.scheduler.CustomerMgmtUpdateRowWorker#worker#6;38348000;32270000;1;0;1229;360000000;398348000;9.627;1.379;
1734564369721;1;1;tpc-di;20000.0;11;tpc.di.scheduler.CustomerMgmtUpdateRowWorker#worker#7;36609000;30846000;1;0;1208;358000000;394609000;9.277;1.361;
1734564369721;1;1;tpc-di;20000.0;11;tpc.di.scheduler.CustomerMgmtUpdateRowWorker#worker#8;31183000;25590000;1;0;1230;367000000;398183000;7.831;1.308;
1734564369721;1;1;tpc-di;20000.0;11;tpc.di.scheduler.CustomerMgmtUpdateRowWorker#worker#9;28773000;23685000;0;0;1204;369000000;397773000;7.234;1.284;
1734564515932;1;1;tpc-di;5000.0;11;ALL#SCHEDULERS;44644729000;20847130000;0;0;2684272;2059285000000;2103929729000;2.122;1074.191;
1734564515932;1;1;tpc-di;5000.0;11;ALL#pdgf.util.caching.experimental.BucketSortOutputFileWriterIMPL$HouseKeeper;2837434000;500968000;0;0;168804;16858000000;19695434000;14.407;69.208;
1734564515932;1;1;tpc-di;5000.0;11;ALL#worker#0;2175065000;2072141000;2;0;13452;1664000000;3839065000;56.656;53.285;
1734564515932;1;1;tpc-di;5000.0;11;ALL#worker#1;2075657000;1971567000;9;0;13081;1692000000;3767657000;55.091;50.896;
1734564515932;1;1;tpc-di;5000.0;11;ALL#worker#10;1863112000;1776576000;3;0;10748;1965000000;3828112000;48.669;45.786;
1734564515932;1;1;tpc-di;5000.0;11;ALL#worker#2;1955857000;1853949000;8;0;12379;1820000000;3775857000;51.799;48.016;
1734564515932;1;1;tpc-di;5000.0;11;ALL#worker#3;1980764000;1879252000;5;0;11706;1831000000;3811764000;51.964;48.615;
1734564515932;1;1;tpc-di;5000.0;11;ALL#worker#4;1910482000;1807260000;3;0;11356;1899000000;3809482000;50.151;46.925;
1734564515932;1;1;tpc-di;5000.0;11;ALL#worker#5;1950659000;1850053000;8;0;11331;1847000000;3797659000;51.365;47.891;
1734564515932;1;1;tpc-di;5000.0;11;ALL#worker#6;2010087000;1910648000;12;1000000;11137;1824000000;3835087000;52.413;49.319;
1734564515932;1;1;tpc-di;5000.0;11;ALL#worker#7;1957041000;1859992000;0;0;10880;1873000000;3830041000;51.097;48.044;
1734564515932;1;1;tpc-di;5000.0;11;ALL#worker#8;1869868000;1779076000;4;0;10717;1950000000;3819868000;48.951;45.949;
1734564515932;1;1;tpc-di;5000.0;11;ALL#worker#9;1973277000;1881728000;1;0;10727;1891000000;3864277000;51.065;48.435;
1734564515932;1;1;tpc-di;5000.0;11;All#PausedThread;293887000;111991000;0;0;15403;3779000000;4072887000;7.216;8.065;
1734564515932;1;1;tpc-di;5000.0;11;pdgf.core.dataGenerator.CDCUpdateProducer#ALL;97765000;68925000;1;0;1360;19000000;116765000;83.728;3.35;
1734564515932;1;1;tpc-di;5000.0;11;pdgf.core.dataGenerator.CDCUpdateProducer#BatchDate;707000;568000;0;0;3;0;707000;100.0;1.017;
1734564515932;1;1;tpc-di;5000.0;11;pdgf.core.dataGenerator.CDCUpdateProducer#Customer;121000;73000;0;0;0;0;121000;99.999;1.003;
1734564515932;1;1;tpc-di;5000.0;11;pdgf.core.dataGenerator.CDCUpdateProducer#DailyMarket;44014000;28958000;0;0;896;13000000;57014000;77.199;2.058;
1734564515932;1;1;tpc-di;5000.0;11;pdgf.core.dataGenerator.CDCUpdateProducer#WatchHistory;39601000;31631000;0;0;461;6000000;45601000;86.842;1.952;
1734564515932;1;1;tpc-di;5000.0;11;pdgf.core.dataGenerator.scheduler.DbDumpUpdateScheduler#Prospect;334000;157000;0;0;6;58000000;58334000;0.573;1.008;
1734564515932;1;1;tpc-di;5000.0;11;pdgf.core.dataGenerator.scheduler.DefaultScheduler#Date;92000;49000;0;0;0;0;92000;99.999;1.002;
1734564515932;1;1;tpc-di;5000.0;11;pdgf.core.dataGenerator.scheduler.DefaultScheduler#HR;75000;46000;0;0;0;0;75000;99.999;1.002;
1734564515932;1;1;tpc-di;5000.0;11;pdgf.core.dataGenerator.scheduler.DefaultScheduler#Industry;27000;11000;0;0;0;0;27000;99.996;1.001;
1734564515932;1;1;tpc-di;5000.0;11;pdgf.core.dataGenerator.scheduler.DefaultScheduler#StatusType;902000;858000;0;0;0;0;902000;100.0;1.022;
1734564515932;1;1;tpc-di;5000.0;11;pdgf.core.dataGenerator.scheduler.DefaultScheduler#TaxRate;78000;35000;0;0;0;0;78000;99.999;1.002;
1734564515932;1;1;tpc-di;5000.0;11;pdgf.core.dataGenerator.scheduler.DefaultScheduler#Time;117000;66000;0;0;0;0;117000;99.999;1.003;
1734564515932;1;1;tpc-di;5000.0;11;pdgf.core.dataGenerator.scheduler.DefaultScheduler#TradeType;33000;9000;0;0;0;0;33000;99.997;1.001;
1734564515932;1;1;tpc-di;5000.0;11;pdgf.core.dataGenerator.scheduler.UpdateScheduler#Account;142000;65000;0;0;3;0;142000;99.999;1.003;
1734564515932;1;1;tpc-di;5000.0;11;pdgf.core.dataGenerator.scheduler.UpdateScheduler#BatchDate;422000;232000;0;0;6;1000000;1422000;29.676;1.01;
1734564515932;1;1;tpc-di;5000.0;11;pdgf.core.dataGenerator.scheduler.UpdateScheduler#Customer;170000;74000;0;0;3;0;170000;99.999;1.004;
1734564515932;1;1;tpc-di;5000.0;11;pdgf.core.dataGenerator.scheduler.UpdateScheduler#DailyMarket;3853374000;2002017000;0;0;276142;330424000000;334277374000;1.153;93.629;
1734564515932;1;1;tpc-di;5000.0;11;pdgf.core.dataGenerator.scheduler.UpdateScheduler#FINWIRE;477613000;236915000;0;0;21098;29023000000;29500613000;1.619;12.481;
1734564515932;1;1;tpc-di;5000.0;11;pdgf.core.dataGenerator.scheduler.UpdateScheduler#TradeSource;39014301000;17966786000;0;0;2285787;1605961000000;1644975301000;2.372;938.844;
1734564515932;1;1;tpc-di;5000.0;11;pdgf.core.dataGenerator.scheduler.UpdateScheduler#WatchHistory;1250031000;615049000;0;0;101111;93818000000;95068031000;1.315;31.049;
1734564515932;1;1;tpc-di;5000.0;11;pdgf.core.dataGenerator.worker.DbDumpRowWorker#worker#0;64803000;64212000;0;0;13;4000000;68803000;94.186;2.558;
1734564515932;1;1;tpc-di;5000.0;11;pdgf.core.dataGenerator.worker.DbDumpRowWorker#worker#1;61094000;60580000;0;0;15;6000000;67094000;91.057;2.469;
1734564515932;1;1;tpc-di;5000.0;11;pdgf.core.dataGenerator.worker.DbDumpRowWorker#worker#10;53784000;53215000;0;0;10;7000000;60784000;88.484;2.293;
1734564515932;1;1;tpc-di;5000.0;11;pdgf.core.dataGenerator.worker.DbDumpRowWorker#worker#2;68603000;67915000;0;0;11;3000000;71603000;95.81;2.649;
1734564515932;1;1;tpc-di;5000.0;11;pdgf.core.dataGenerator.worker.DbDumpRowWorker#worker#3;69177000;68502000;0;0;13;4000000;73177000;94.534;2.663;
1734564515932;1;1;tpc-di;5000.0;11;pdgf.core.dataGenerator.worker.DbDumpRowWorker#worker#4;58420000;57905000;0;0;10;3000000;61420000;95.116;2.404;
1734564515932;1;1;tpc-di;5000.0;11;pdgf.core.dataGenerator.worker.DbDumpRowWorker#worker#5;64364000;63822000;0;0;11;6000000;70364000;91.473;2.547;
1734564515932;1;1;tpc-di;5000.0;11;pdgf.core.dataGenerator.worker.DbDumpRowWorker#worker#6;61944000;61352000;0;0;9;4000000;65944000;93.934;2.489;
1734564515932;1;1;tpc-di;5000.0;11;pdgf.core.dataGenerator.worker.DbDumpRowWorker#worker#7;62290000;61679000;0;0;13;8000000;70290000;88.619;2.497;
1734564515932;1;1;tpc-di;5000.0;11;pdgf.core.dataGenerator.worker.DbDumpRowWorker#worker#8;64762000;64173000;0;0;12;6000000;70762000;91.521;2.557;
1734564515932;1;1;tpc-di;5000.0;11;pdgf.core.dataGenerator.worker.DbDumpRowWorker#worker#9;67092000;66421000;0;0;12;4000000;71092000;94.373;2.613;
1734564515932;1;1;tpc-di;5000.0;11;pdgf.core.dataGenerator.worker.RowWorker#worker#0;294385000;290547000;0;0;21;10000000;304385000;96.715;8.077;
1734564515932;1;1;tpc-di;5000.0;11;pdgf.core.dataGenerator.worker.RowWorker#worker#1;303484000;299641000;2;0;20;11000000;314484000;96.502;8.295;
1734564515932;1;1;tpc-di;5000.0;11;pdgf.core.dataGenerator.worker.RowWorker#worker#10;255412000;251916000;0;0;19;44000000;299412000;85.305;7.14;
1734564515932;1;1;tpc-di;5000.0;11;pdgf.core.dataGenerator.worker.RowWorker#worker#2;280806000;277567000;0;0;19;8000000;288806000;97.23;7.75;
1734564515932;1;1;tpc-di;5000.0;11;pdgf.core.dataGenerator.worker.RowWorker#worker#3;284279000;280339000;2;0;19;13000000;297279000;95.627;7.834;
1734564515932;1;1;tpc-di;5000.0;11;pdgf.core.dataGenerator.worker.RowWorker#worker#4;290929000;287313000;0;0;18;38000000;328929000;88.447;7.993;
1734564515932;1;1;tpc-di;5000.0;11;pdgf.core.dataGenerator.worker.RowWorker#worker#5;309896000;306092000;1;0;24;13000000;322896000;95.974;8.449;
1734564515932;1;1;tpc-di;5000.0;11;pdgf.core.dataGenerator.worker.RowWorker#worker#6;300008000;296271000;0;0;21;25000000;325008000;92.308;8.212;
1734564515932;1;1;tpc-di;5000.0;11;pdgf.core.dataGenerator.worker.RowWorker#worker#7;282995000;279193000;0;0;19;12000000;294995000;95.932;7.803;
1734564515932;1;1;tpc-di;5000.0;11;pdgf.core.dataGenerator.worker.RowWorker#worker#8;307303000;303333000;0;0;19;18000000;325303000;94.467;8.387;
1734564515932;1;1;tpc-di;5000.0;11;pdgf.core.dataGenerator.worker.RowWorker#worker#9;291198000;287889000;0;0;19;20000000;311198000;93.573;8.0;
1734564515932;1;1;tpc-di;5000.0;11;pdgf.core.dataGenerator.worker.UpdateRowWorker#worker#0;1768066000;1675615000;1;0;12279;1409000000;3177066000;55.651;43.502;
1734564515932;1;1;tpc-di;5000.0;11;pdgf.core.dataGenerator.worker.UpdateRowWorker#worker#1;1686970000;1592888000;6;0;11807;1467000000;3153970000;53.487;41.552;
1734564515932;1;1;tpc-di;5000.0;11;pdgf.core.dataGenerator.worker.UpdateRowWorker#worker#10;1532366000;1454412000;1;0;9611;1648000000;3180366000;48.182;37.836;
1734564515932;1;1;tpc-di;5000.0;11;pdgf.core.dataGenerator.worker.UpdateRowWorker#worker#2;1592690000;1500326000;6;0;11102;1534000000;3126690000;50.939;39.286;
1734564515932;1;1;tpc-di;5000.0;11;pdgf.core.dataGenerator.worker.UpdateRowWorker#worker#3;1609270000;1517944000;1;0;10454;1543000000;3152270000;51.051;39.684;
1734564515932;1;1;tpc-di;5000.0;11;pdgf.core.dataGenerator.worker.UpdateRowWorker#worker#4;1547532000;1453713000;2;0;10138;1583000000;3130532000;49.434;38.2;
1734564515932;1;1;tpc-di;5000.0;11;pdgf.core.dataGenerator.worker.UpdateRowWorker#worker#5;1561261000;1470250000;7;0;10127;1555000000;3116261000;50.1;38.53;
1734564515932;1;1;tpc-di;5000.0;11;pdgf.core.dataGenerator.worker.UpdateRowWorker#worker#6;1634053000;1544276000;8;1000000;9939;1521000000;3156053000;51.775;40.28;
1734564515932;1;1;tpc-di;5000.0;11;pdgf.core.dataGenerator.worker.UpdateRowWorker#worker#7;1590760000;1503206000;0;0;9692;1586000000;3176760000;50.075;39.239;
1734564515932;1;1;tpc-di;5000.0;11;pdgf.core.dataGenerator.worker.UpdateRowWorker#worker#8;1484199000;1402684000;3;0;9548;1652000000;3136199000;47.325;36.678;
1734564515932;1;1;tpc-di;5000.0;11;pdgf.core.dataGenerator.worker.UpdateRowWorker#worker#9;1600628000;1517526000;0;0;9574;1594000000;3194628000;50.104;39.477;
1734564515932;1;1;tpc-di;5000.0;11;tpc.di.CustomerAccountBlackBox$CustomerAccountUpdateProducer#ALL;328000;229000;0;0;3;0;328000;100.0;1.008;
1734564515932;1;1;tpc-di;5000.0;11;tpc.di.CustomerAccountBlackBox$CustomerAccountUpdateProducer#Account;295000;211000;0;0;3;0;295000;100.0;1.007;
1734564515932;1;1;tpc-di;5000.0;11;tpc.di.MergeUpdateBlackBox$MergeUpdateProducer#FINWIRE;20078000;12438000;0;0;315;18000000;38078000;52.729;1.483;
1734564515932;1;1;tpc-di;5000.0;11;tpc.di.TradeSourceUpdateBlackBox$TradeSourceUpdateProducer#ALL;100419000;62367000;0;0;2316;11000000;111419000;90.127;3.414;
1734564515932;1;1;tpc-di;5000.0;11;tpc.di.TradeSourceUpdateBlackBox$TradeSourceUpdateProducer#TradeSource;90386000;57764000;0;0;2316;11000000;101386000;89.15;3.173;
1734564515932;1;1;tpc-di;5000.0;11;tpc.di.scheduler.CustomerMgmtScheduler#CustomerMgmt;24642000;12853000;0;0;116;0;24642000;100.0;1.592;
1734564515932;1;1;tpc-di;5000.0;11;tpc.di.scheduler.CustomerMgmtUpdateRowWorker#worker#0;47482000;41497000;1;0;1139;241000000;288482000;16.459;2.141;
1734564515932;1;1;tpc-di;5000.0;11;tpc.di.scheduler.CustomerMgmtUpdateRowWorker#worker#1;23840000;18262000;0;0;1239;208000000;231840000;10.283;1.573;
1734564515932;1;1;tpc-di;5000.0;11;tpc.di.scheduler.CustomerMgmtUpdateRowWorker#worker#10;21358000;16898000;0;0;1108;266000000;287358000;7.433;1.513;
1734564515932;1;1;tpc-di;5000.0;11;tpc.di.scheduler.CustomerMgmtUpdateRowWorker#worker#2;13550000;8018000;0;0;1247;275000000;288550000;4.696;1.326;
1734564515932;1;1;tpc-di;5000.0;11;tpc.di.scheduler.CustomerMgmtUpdateRowWorker#worker#3;17844000;12342000;0;0;1220;271000000;288844000;6.178;1.429;
1734564515932;1;1;tpc-di;5000.0;11;tpc.di.scheduler.CustomerMgmtUpdateRowWorker#worker#4;13417000;8199000;0;0;1190;275000000;288417000;4.652;1.323;
1734564515932;1;1;tpc-di;5000.0;11;tpc.di.scheduler.CustomerMgmtUpdateRowWorker#worker#5;14946000;9758000;0;0;1169;273000000;287946000;5.191;1.359;
1734564515932;1;1;tpc-di;5000.0;11;tpc.di.scheduler.CustomerMgmtUpdateRowWorker#worker#6;13772000;8520000;0;0;1168;274000000;287772000;4.786;1.331;
1734564515932;1;1;tpc-di;5000.0;11;tpc.di.scheduler.CustomerMgmtUpdateRowWorker#worker#7;20709000;15716000;0;0;1156;267000000;287709000;7.198;1.498;
1734564515932;1;1;tpc-di;5000.0;11;tpc.di.scheduler.CustomerMgmtUpdateRowWorker#worker#8;13378000;8749000;0;0;1138;274000000;287378000;4.655;1.322;
1734564515932;1;1;tpc-di;5000.0;11;tpc.di.scheduler.CustomerMgmtUpdateRowWorker#worker#9;14196000;9783000;0;0;1122;273000000;287196000;4.943;1.341;
1734641942230;1;1;tpc-di;5000.0;11;ALL#SCHEDULERS;42470842000;20845894000;0;0;2811136;2031784000000;2074254842000;2.048;1032.346;
1734641942230;1;1;tpc-di;5000.0;11;ALL#pdgf.util.caching.experimental.BucketSortOutputFileWriterIMPL$HouseKeeper;2839139000;506787000;0;0;170033;16438000000;19277139000;14.728;69.945;
1734641942230;1;1;tpc-di;5000.0;11;ALL#worker#0;2129513000;2026995000;15;0;13467;1595000000;3724513000;57.176;52.712;
1734641942230;1;1;tpc-di;5000.0;11;ALL#worker#1;1979271000;1874497000;0;0;12925;1722000000;3701271000;53.475;49.064;
1734641942230;1;1;tpc-di;5000.0;11;ALL#worker#10;1783899000;1699320000;4;0;10491;1964000000;3747899000;47.597;44.32;
1734641942230;1;1;tpc-di;5000.0;11;ALL#worker#2;1904261000;1800430000;5;0;12546;1861000000;3765261000;50.574;47.242;
1734641942230;1;1;tpc-di;5000.0;11;ALL#worker#3;1990132000;1896991000;4;0;11810;1803000000;3793132000;52.467;49.328;
1734641942230;1;1;tpc-di;5000.0;11;ALL#worker#4;1976929000;1878563000;6;0;11266;1797000000;3773929000;52.384;49.007;
1734641942230;1;1;tpc-di;5000.0;11;ALL#worker#5;1905310000;1808799000;11;0;11181;1844000000;3749310000;50.818;47.268;
1734641942230;1;1;tpc-di;5000.0;11;ALL#worker#6;1945899000;1851565000;5;0;11135;1821000000;3766899000;51.658;48.253;
1734641942230;1;1;tpc-di;5000.0;11;ALL#worker#7;1923349000;1833318000;6;0;10900;1867000000;3790349000;50.743;47.706;
1734641942230;1;1;tpc-di;5000.0;11;ALL#worker#8;1886554000;1797106000;2;0;10642;1859000000;3745554000;50.368;46.812;
1734641942230;1;1;tpc-di;5000.0;11;ALL#worker#9;1878947000;1792457000;3;0;10626;1879000000;3757947000;49.999;46.628;
1734641942230;1;1;tpc-di;5000.0;11;All#PausedThread;294710000;112128000;2;0;14833;3785000000;4079710000;7.224;8.157;
1734641942230;1;1;tpc-di;5000.0;11;pdgf.core.dataGenerator.CDCUpdateProducer#ALL;97288000;70476000;0;0;1272;14000000;111288000;87.42;3.363;
1734641942230;1;1;tpc-di;5000.0;11;pdgf.core.dataGenerator.CDCUpdateProducer#BatchDate;543000;384000;0;0;7;0;543000;100.0;1.013;
1734641942230;1;1;tpc-di;5000.0;11;pdgf.core.dataGenerator.CDCUpdateProducer#Customer;150000;87000;0;0;2;0;150000;99.999;1.004;
1734641942230;1;1;tpc-di;5000.0;11;pdgf.core.dataGenerator.CDCUpdateProducer#DailyMarket;46818000;31873000;0;0;883;7000000;53818000;86.993;2.137;
1734641942230;1;1;tpc-di;5000.0;11;pdgf.core.dataGenerator.CDCUpdateProducer#WatchHistory;37731000;30468000;0;0;380;7000000;44731000;84.351;1.916;
1734641942230;1;1;tpc-di;5000.0;11;pdgf.core.dataGenerator.scheduler.DbDumpUpdateScheduler#Prospect;362000;214000;0;0;6;61000000;61362000;0.59;1.009;
1734641942230;1;1;tpc-di;5000.0;11;pdgf.core.dataGenerator.scheduler.DefaultScheduler#Date;86000;42000;0;0;0;0;86000;99.999;1.002;
1734641942230;1;1;tpc-di;5000.0;11;pdgf.core.dataGenerator.scheduler.DefaultScheduler#HR;55000;30000;0;0;0;0;55000;99.998;1.001;
1734641942230;1;1;tpc-di;5000.0;11;pdgf.core.dataGenerator.scheduler.DefaultScheduler#Industry;26000;9000;0;0;0;0;26000;99.996;1.001;
1734641942230;1;1;tpc-di;5000.0;11;pdgf.core.dataGenerator.scheduler.DefaultScheduler#StatusType;1097000;1002000;0;0;0;0;1097000;100.0;1.027;
1734641942230;1;1;tpc-di;5000.0;11;pdgf.core.dataGenerator.scheduler.DefaultScheduler#TaxRate;134000;56000;0;0;0;0;134000;99.999;1.003;
1734641942230;1;1;tpc-di;5000.0;11;pdgf.core.dataGenerator.scheduler.DefaultScheduler#Time;67000;36000;0;0;0;0;67000;99.999;1.002;
1734641942230;1;1;tpc-di;5000.0;11;pdgf.core.dataGenerator.scheduler.DefaultScheduler#TradeType;27000;8000;0;0;0;0;27000;99.996;1.001;
1734641942230;1;1;tpc-di;5000.0;11;pdgf.core.dataGenerator.scheduler.UpdateScheduler#Account;222000;59000;0;0;3;0;222000;100.0;1.005;
1734641942230;1;1;tpc-di;5000.0;11;pdgf.core.dataGenerator.scheduler.UpdateScheduler#BatchDate;343000;200000;0;0;6;1000000;1343000;25.54;1.008;
1734641942230;1;1;tpc-di;5000.0;11;pdgf.core.dataGenerator.scheduler.UpdateScheduler#Customer;193000;89000;0;0;3;1000000;1193000;16.178;1.005;
1734641942230;1;1;tpc-di;5000.0;11;pdgf.core.dataGenerator.scheduler.UpdateScheduler#DailyMarket;3704420000;1962989000;0;0;274234;308870000000;312574420000;1.185;90.957;
1734641942230;1;1;tpc-di;5000.0;11;pdgf.core.dataGenerator.scheduler.UpdateScheduler#FINWIRE;421424000;219425000;0;0;21110;29563000000;29984424000;1.405;11.234;
1734641942230;1;1;tpc-di;5000.0;11;pdgf.core.dataGenerator.scheduler.UpdateScheduler#TradeSource;36946859000;17960619000;0;0;2415404;1587691000000;1624637859000;2.274;898.204;
1734641942230;1;1;tpc-di;5000.0;11;pdgf.core.dataGenerator.scheduler.UpdateScheduler#WatchHistory;1351104000;676480000;0;0;100231;105597000000;106948104000;1.263;33.81;
1734641942230;1;1;tpc-di;5000.0;11;pdgf.core.dataGenerator.worker.DbDumpRowWorker#worker#0;53492000;52888000;0;0;16;13000000;66492000;80.449;2.299;
1734641942230;1;1;tpc-di;5000.0;11;pdgf.core.dataGenerator.worker.DbDumpRowWorker#worker#1;47493000;46941000;0;0;13;20000000;67493000;70.367;2.153;
1734641942230;1;1;tpc-di;5000.0;11;pdgf.core.dataGenerator.worker.DbDumpRowWorker#worker#10;57275000;56746000;0;0;15;13000000;70275000;81.501;2.391;
1734641942230;1;1;tpc-di;5000.0;11;pdgf.core.dataGenerator.worker.DbDumpRowWorker#worker#2;55690000;55209000;0;0;13;11000000;66690000;83.506;2.352;
1734641942230;1;1;tpc-di;5000.0;11;pdgf.core.dataGenerator.worker.DbDumpRowWorker#worker#3;58763000;58229000;0;0;16;19000000;77763000;75.567;2.427;
1734641942230;1;1;tpc-di;5000.0;11;pdgf.core.dataGenerator.worker.DbDumpRowWorker#worker#4;67373000;66906000;0;0;12;6000000;73373000;91.823;2.636;
1734641942230;1;1;tpc-di;5000.0;11;pdgf.core.dataGenerator.worker.DbDumpRowWorker#worker#5;49385000;48781000;0;0;11;8000000;57385000;86.059;2.199;
1734641942230;1;1;tpc-di;5000.0;11;pdgf.core.dataGenerator.worker.DbDumpRowWorker#worker#6;55439000;54823000;1;0;12;16000000;71439000;77.603;2.346;
1734641942230;1;1;tpc-di;5000.0;11;pdgf.core.dataGenerator.worker.DbDumpRowWorker#worker#7;57513000;56986000;1;0;13;15000000;72513000;79.314;2.397;
1734641942230;1;1;tpc-di;5000.0;11;pdgf.core.dataGenerator.worker.DbDumpRowWorker#worker#8;51479000;50909000;0;0;13;17000000;68479000;75.175;2.25;
1734641942230;1;1;tpc-di;5000.0;11;pdgf.core.dataGenerator.worker.DbDumpRowWorker#worker#9;62873000;62310000;0;0;11;5000000;67873000;92.633;2.527;
1734641942230;1;1;tpc-di;5000.0;11;pdgf.core.dataGenerator.worker.RowWorker#worker#0;305373000;301664000;2;0;21;11000000;316373000;96.523;8.416;
1734641942230;1;1;tpc-di;5000.0;11;pdgf.core.dataGenerator.worker.RowWorker#worker#1;295253000;291202000;0;0;21;14000000;309253000;95.473;8.17;
1734641942230;1;1;tpc-di;5000.0;11;pdgf.core.dataGenerator.worker.RowWorker#worker#10;280521000;276694000;2;0;21;24000000;304521000;92.119;7.812;
1734641942230;1;1;tpc-di;5000.0;11;pdgf.core.dataGenerator.worker.RowWorker#worker#2;304332000;300302000;2;0;21;13000000;317332000;95.903;8.39;
1734641942230;1;1;tpc-di;5000.0;11;pdgf.core.dataGenerator.worker.RowWorker#worker#3;294360000;290361000;0;0;21;14000000;308360000;95.46;8.148;
1734641942230;1;1;tpc-di;5000.0;11;pdgf.core.dataGenerator.worker.RowWorker#worker#4;320224000;316164000;1;0;21;12000000;332224000;96.388;8.776;
1734641942230;1;1;tpc-di;5000.0;11;pdgf.core.dataGenerator.worker.RowWorker#worker#5;314885000;310979000;1;0;23;15000000;329885000;95.453;8.647;
1734641942230;1;1;tpc-di;5000.0;11;pdgf.core.dataGenerator.worker.RowWorker#worker#6;296847000;292386000;0;0;22;14000000;310847000;95.496;8.209;
1734641942230;1;1;tpc-di;5000.0;11;pdgf.core.dataGenerator.worker.RowWorker#worker#7;259952000;256222000;1;0;21;55000000;314952000;82.537;7.313;
1734641942230;1;1;tpc-di;5000.0;11;pdgf.core.dataGenerator.worker.RowWorker#worker#8;294213000;290148000;1;0;22;16000000;310213000;94.842;8.145;
1734641942230;1;1;tpc-di;5000.0;11;pdgf.core.dataGenerator.worker.RowWorker#worker#9;283884000;279722000;1;0;22;21000000;304884000;93.112;7.894;
1734641942230;1;1;tpc-di;5000.0;11;pdgf.core.dataGenerator.worker.UpdateRowWorker#worker#0;1724081000;1631858000;1;0;12260;1422000000;3146081000;54.801;42.867;
1734641942230;1;1;tpc-di;5000.0;11;pdgf.core.dataGenerator.worker.UpdateRowWorker#worker#1;1617054000;1522431000;0;0;11676;1468000000;3085054000;52.416;40.268;
1734641942230;1;1;tpc-di;5000.0;11;pdgf.core.dataGenerator.worker.UpdateRowWorker#worker#10;1425539000;1349711000;0;0;9408;1709000000;3134539000;45.478;35.617;
1734641942230;1;1;tpc-di;5000.0;11;pdgf.core.dataGenerator.worker.UpdateRowWorker#worker#2;1529943000;1435958000;0;0;11342;1612000000;3141943000;48.694;38.153;
1734641942230;1;1;tpc-di;5000.0;11;pdgf.core.dataGenerator.worker.UpdateRowWorker#worker#3;1620802000;1537299000;2;0;10627;1547000000;3167802000;51.165;40.359;
1734641942230;1;1;tpc-di;5000.0;11;pdgf.core.dataGenerator.worker.UpdateRowWorker#worker#4;1575931000;1487059000;1;0;10106;1560000000;3135931000;50.254;39.269;
1734641942230;1;1;tpc-di;5000.0;11;pdgf.core.dataGenerator.worker.UpdateRowWorker#worker#5;1525660000;1438622000;6;0;10042;1598000000;3123660000;48.842;38.049;
1734641942230;1;1;tpc-di;5000.0;11;pdgf.core.dataGenerator.worker.UpdateRowWorker#worker#6;1579012000;1494472000;4;0;9986;1566000000;3145012000;50.207;39.344;
1734641942230;1;1;tpc-di;5000.0;11;pdgf.core.dataGenerator.worker.UpdateRowWorker#worker#7;1589419000;1508285000;0;0;9796;1575000000;3164419000;50.228;39.597;
1734641942230;1;1;tpc-di;5000.0;11;pdgf.core.dataGenerator.worker.UpdateRowWorker#worker#8;1527738000;1447083000;1;0;9531;1603000000;3130738000;48.798;38.099;
1734641942230;1;1;tpc-di;5000.0;11;pdgf.core.dataGenerator.worker.UpdateRowWorker#worker#9;1518399000;1440843000;2;0;9531;1628000000;3146399000;48.258;37.872;
1734641942230;1;1;tpc-di;5000.0;11;tpc.di.CustomerAccountBlackBox$CustomerAccountUpdateProducer#ALL;238000;174000;0;0;1;0;238000;100.0;1.006;
1734641942230;1;1;tpc-di;5000.0;11;tpc.di.CustomerAccountBlackBox$CustomerAccountUpdateProducer#Account;227000;166000;0;0;1;0;227000;100.0;1.006;
1734641942230;1;1;tpc-di;5000.0;11;tpc.di.MergeUpdateBlackBox$MergeUpdateProducer#FINWIRE;19027000;12083000;0;0;292;10000000;29027000;65.549;1.462;
1734641942230;1;1;tpc-di;5000.0;11;tpc.di.TradeSourceUpdateBlackBox$TradeSourceUpdateProducer#ALL;95432000;60551000;0;0;2168;10000000;105432000;90.515;3.317;
1734641942230;1;1;tpc-di;5000.0;11;tpc.di.TradeSourceUpdateBlackBox$TradeSourceUpdateProducer#TradeSource;85645000;55761000;0;0;2168;10000000;95645000;89.545;3.08;
1734641942230;1;1;tpc-di;5000.0;11;tpc.di.scheduler.CustomerMgmtScheduler#CustomerMgmt;22273000;12091000;0;0;139;0;22273000;100.0;1.541;
1734641942230;1;1;tpc-di;5000.0;11;tpc.di.scheduler.CustomerMgmtUpdateRowWorker#worker#0;46156000;40222000;12;0;1170;149000000;195156000;23.651;2.121;
1734641942230;1;1;tpc-di;5000.0;11;tpc.di.scheduler.CustomerMgmtUpdateRowWorker#worker#1;19337000;13818000;0;0;1215;220000000;239337000;8.079;1.47;
1734641942230;1;1;tpc-di;5000.0;11;tpc.di.scheduler.CustomerMgmtUpdateRowWorker#worker#10;20315000;16036000;0;0;1047;218000000;238315000;8.524;1.493;
1734641942230;1;1;tpc-di;5000.0;11;tpc.di.scheduler.CustomerMgmtUpdateRowWorker#worker#2;14119000;8843000;0;0;1170;225000000;239119000;5.905;1.343;
1734641942230;1;1;tpc-di;5000.0;11;tpc.di.scheduler.CustomerMgmtUpdateRowWorker#worker#3;16050000;10988000;0;0;1146;223000000;239050000;6.714;1.39;
1734641942230;1;1;tpc-di;5000.0;11;tpc.di.scheduler.CustomerMgmtUpdateRowWorker#worker#4;13192000;8288000;0;0;1127;219000000;232192000;5.682;1.32;
1734641942230;1;1;tpc-di;5000.0;11;tpc.di.scheduler.CustomerMgmtUpdateRowWorker#worker#5;15172000;10270000;1;0;1105;223000000;238172000;6.37;1.368;
1734641942230;1;1;tpc-di;5000.0;11;tpc.di.scheduler.CustomerMgmtUpdateRowWorker#worker#6;14443000;9770000;0;0;1115;225000000;239443000;6.032;1.351;
1734641942230;1;1;tpc-di;5000.0;11;tpc.di.scheduler.CustomerMgmtUpdateRowWorker#worker#7;16245000;11697000;0;0;1070;222000000;238245000;6.819;1.394;
1734641942230;1;1;tpc-di;5000.0;11;tpc.di.scheduler.CustomerMgmtUpdateRowWorker#worker#8;12957000;8851000;0;0;1076;223000000;235957000;5.491;1.315;
1734641942230;1;1;tpc-di;5000.0;11;tpc.di.scheduler.CustomerMgmtUpdateRowWorker#worker#9;13575000;9417000;0;0;1062;225000000;238575000;5.69;1.33;
